agr;site_type;numero_de_site;hopital;site;adresse;post;commune;telefon;website;langue;region;province;region_hospitalier;type_hopital;statut;a;a_j;a_n;c;cd;d;e;g;ib_ptca_plus18;k;k_j;k_n;l;m;nic;s1;s2;s3;s4;s5;s6;t;t1;t2;tfb;tfp;tg;total_lits;capacite-fusion;remarques_1;remarques_2;imagerie_medicale_imagerie_medicale_avec_scanner;imagerie_medicale_resonance_magnetique_nucleaire_rmn;imagerie_medicale_scanner-pet;radiotherapie;centre_de_dialyse;centre_de_transplantation;centre_pour_la_reproduction_humaine;centre_de_traitement_de_grands_brules;programme_de_soins_pathologie_cardiaque;programme_de_soins_pathologie_cardiaque.1;programme_de_soins_pathologie_cardiaque.2;programme_de_soins_pathologie_cardiaque.3;programme_de_soins_pathologie_cardiaque.4;programme_de_soins_pathologie_cardiaque.5;programme_de_soins_pathologie_cardiaque.6;collaboration_ou_association_concernant_programme_de_soins_pathologie_cardiaque;programmes_des_soins_soins_de_l_accident_vasculaire_cerebral_avc_programme_de_soins_de_base_soins_de_l_avc_aigu;programmes_des_soins_soins_de_l_accident_vasculaire_cerebral_avc_programme_de_soins_specialise_soins_de_l_avc_impliquant_des_procedures_invasives;programme_de_soins_medecine_de_la_reproduction;programme_de_soins_medecine_de_la_reproduction.1;association_concernant_du_programme_de_soins_medecine_de_la_reproduction;programme_de_soins_de_base_en_oncologie;programme_de_soins_d_oncologie;programme_coordinateur_de_soins_oncologiques_specialise_pour_le_cancer_du_sein;programme_de_soins_oncologiques_specialise_pour_le_cancer_du_sein_clinique_du_sein_satellite;programme_de_soins_pour_enfants;programme_de_soins_pour_le_patient_geriatrique_service_de_gériatrique;programme_de_soins_pour_le_patient_geriatrique_consultation_gériatrique;programme_de_soins_pour_le_patient_geriatrique_l_hôpital_de_jour_pour_le_patient_gériatrique;programme_de_soins_pour_le_patient_geriatrique_liaison_interne;programme_de_soins_pour_le_patient_geriatrique_liaison_externe;association_programme_de_soins_pour_le_patient_gériatrique;officine_hospitaliere;officine_hospitaliere.1;soins_intensifs;coordination_locale_des_donateurs;banque_de_sang_hospitaliere;soins_neonatals_locaux_nx;soins_perinatals_regionaux;liaison_pediatrique;premiere_prise_en_charge_des_urgences;soins_urgents_specialises;smur;association_concernant_smur;soins_palliatifs;hospitalisation_chirurgical_de_jour;hospitalisation_non_chirurgical_de_jour;maladies_rares;fonction_de_mediateur;centre_d_expertise_pour_les_patients_comateux;centre_de_la_mucoviscidose;biologie_clinique;biologie_clinique.1
004;SP;2950;CLINIQUE REINE ASTRID;;RUE DEVANT LES RELIGIEUSES 2;4960;MALMEDY;080/79.31.11;;F;W;Liège;Verviers;Hôpital général;Public;;;;58;6;33;15;24;;;;;;15;;;;;;;;;;;;;;151;;Association en ce qui concerne l'exploitation des services de pédiatrie et de la maternité avec C.H.R. de la Citadelle à Liège;;X;;;;;Association avec CHU de Liège (A/707);;;X;;;;;X;;;;;;;;X;;;;X;;;;;;;X;;X;X;X;X (Association avec CHR de la Citadelle à Liège);;;;X;;;X;;;;;;;;
006;SP;3300;CENTRE HOSPITALIER REGIONAL DE NAMUR;CHR NAMUR;AVENUE ALBERT 1IER 185;5000;NAMUR;081/72.61.11;www.chrn.be;F;W;Namur;Namur - Dinant;Hôpital général;Public;30;;;96;24;96;20;60;;;;;;32;15;;24;;;;;;;;;;;397;;;;X;X (1);X;;X;Association avec CHU de Liège (A/707);;;X;X;;;X;X;;Association programme B3 avec Clinique St. Luc, Bouge (706);;;;X;;;X;;;X;X;;;;;;X;;X;X;X;X;X;;;X;X;;X;X;;;;;;;
007;SP;2780;CENTRE HOSPITALIER DE LA HAUTE SENNE;SAINT-VINCENT;BOULEVARD ROOSEVELT 17;7060;SOIGNIES;067/34.84.11;www.chrhautesenne.be;F;W;Hainaut;Ath - Soignies;Hôpital général;Public;;;;;;;;;;;;;;;;;;;;40;;;;;;;;40;246;;;;;;;;;;;;;;;;;;;;;;;;X;;;;;;;;;;;;;;;;;;;;;;;;;;;;;;;
007;SS;2790;CENTRE HOSPITALIER DE LA HAUTE SENNE;LE TILLERIAU;CHAUSSEE DE BRAINE 47;7060;SOIGNIES;067/34.84.11;;F;W;Hainaut;Ath - Soignies;;;;;;50;10;59;15;48;;;;;;18;;;;;;;;;;;;;;200;;;;X;;;;;;;;X;;X;;;X;;Les programmes partiels B1-B2 est utilisé en association avec Hôpital Erasme, Bruxelles (406);;;;;;X;;;X;X;X;;;;;;X;;X;;X;X;;;;X;X;;X;X;X;;;;;;
007;SS;2490;CENTRE HOSPITALIER DE LA HAUTE SENNE;LE GOELAND;GRAND CHEMIN 61;7063;NEUFVILLES;067/28.31.11;;F;W;Hainaut;Ath - Soignies;;;;;;;;;;;;;;;;;;;;;6;;;;;;;;;6;;;;;;;;;;;;;;;;;;;;;;;;;;;;;;;;;;;;;;;;;;;;;;;;;;;;;;;;
009;SP;1200;ZIEKENHUISNETWERK ANTWERPEN;ZNA ST. ELISABETH;LEOPOLDSTRAAT 26;2000;ANTWERPEN-1;03/234.41.11;www.zna.be;N;V;Antwerpen;Antwerpen;Algemeen ziekenhuis met universitair karakter;Privaat;;;;;;;;89;;;;;;;;;88;;;;27;;;;;;;204;1955;;;X;;;;;;;;;;;;;;;;;;;;;X;;;;;X;X;X;X;X;;X;;;;;;;;;;;;X;X;X;;;;;;
009;SS;1180;ZIEKENHUISNETWERK ANTWERPEN;ZNA STUIVENBERG;LANGE BEELDEKENSSTRAAT 267;2060;ANTWERPEN-6;03/217.71.11;;N;V;Antwerpen;Antwerpen;;;;;;111;;131;;53;;;;;;;;;25;;;;;;;;;;;320;;;;X;X (1);;;X;;;X;X;;;;;X;;;;;;;;;X;;;;X;X;X;;;;;;X;X;X;;;;;X;X;Exploitatie via alternerende werking met GZA- Ziekenhuizen (Campus St. Vincentius) Antwerpen en A.Z. Monica Vzw (campus Deurne) Antwerpen ;;X;X;;;;;;
009;SS;2000;ZIEKENHUISNETWERK ANTWERPEN;ZNA MIDDELHEIM/KONINGIN PAOLA KINDERZIEKENHUIS;LINDENDREEF 1;2020;ANTWERPEN;03/280.31.11;;N;V;Antwerpen;Antwerpen;;;;;;191;;229;75;72;;61;31;;;36;15;;26;;;;;;;;;;;736;;;;X;X (2);;X (Iridium Kankernetwerk Antwerpen);X;;;;X;X;;;X;X;;;;;;X;;;X;X;;X;X;X;X;;;;;;X;X;X;X;X;;;X;X;Exploitatie via alternerendewerking met GZA- Ziekenhuizen (Campus St. Augustinus) Wilrijk;;X;X;;;;;;2019-03-19 00:00:00
009;SS;2010;ZIEKENHUISNETWERK ANTWERPEN;ZNA HOGE BEUKEN;COMMANDANT WEYNSSTRAAT 165;2660;HOBOKEN;03/830.90.90;;N;V;Antwerpen;Antwerpen;;;;;;;;;;78;;24;8;;;;;;26;60;;;;;;;;;;196;;;;;;;;;;;;;;;;;;;;;;;;;X;;;;;X;X;;;;;;;;;;;;;;;;;;X;;;;;;;
009;SS;2240;ZIEKENHUISNETWERK ANTWERPEN;ZNA JOOSTENS;KAPELLEI 133;2980;ZOERSEL;03/384.56.11;;N;V;Antwerpen;Voorkempen;;;;;;;;;;;;;;;;;;;;;;;60;;;;;;;60;;;;;;;;;;;;;;;;;;;;;;;;;;;;;;;;;;;;;;;;;;;;;;;;;;;;;;;;
009;SS;1190;ZIEKENHUISNETWERK ANTWERPEN;ZNA ST. ERASMUS;LT. LIPPENSLAAN 55;2140;BORGERHOUT;03/270.80.11;;N;V;Antwerpen;Antwerpen;;;60;;;8;;7;;;;;;;;;;;;;12;;;;;;;;;87;;;;X;;;;;;;;;;;;;;;;;;;;;;;;;;;X;;;;;;;;;;;;;;;;;;X;X;;;;;;
009;SS;3360;ZIEKENHUISNETWERK ANTWERPEN;ZNA JAN PALFIJN;LANGE BREMSTRAAT 70;2170;MERKSEM;03/640.21.11;;N;V;Antwerpen;Antwerpen;;;;;;120;;90;22;72;;;;;;24;;;;;;;24;;;;;;;352;;;;X;;X;X (Iridium Kankernetwerk Antwerpen);;;;;X;;;;;X;;;;;;;;;X;;X;X;X;X;X;;;;;;X;X;X;X;;;;X;X;Exploitatie via alternerende werking met A.Z. Klina te Brasschaat (710);;X;X;;;;;;2019-03-19 00:00:00
010;SP;3100;GRAND HOPITAL DE CHARLEROI;NOTRE DAME;GRAND'RUE 3;6000;CHARLEROI;071/10.21.11;www.ghdc.be;F;W;Hainaut;Charleroi;Hôpital général;Privé;30;;;156;27;93;39;;;;;;;69;18;;;;;;;;;;;;;432;1118;;;X;X (2) ;X (1) Association Interhospitalière Région Charleroi;;;Association avec Cliniques Universitaires St. Luc à Bruxelles (A/403) et Hôpital Erasme à Bruxelles (A/406);;;X;;;;;X;;;;;;X;;;X;;;X;;;;;;;X;;X;X;X;X;X;;;X;X;;X;X;X;;;;;;
010;SS;3170;GRAND HOPITAL DE CHARLEROI;ST. JOSEPH;RUE MARGUERITE DEPASSE 6;6060;GILLY;071/10.70.11;;F;W;Hainaut;Charleroi;;;;;;70;21;206;;;;;;;;;;;;;;;;;;;;;;297;;;;X;X (1);;X ;X;;;;X;X;;;X;X;;;;;;;;X;;X;;;;;;;;;;;X;X;X;;;;;X;;;;X;X;;;;;;
010;SS;3180;GRAND HOPITAL DE CHARLEROI;I.M.T.R.;RUE DE VILLERS 1;6280;LOVERVAL;071/10.63.11;;F;W;Hainaut;Charleroi;;;;;;79;;3;;30;;;;;;;;;50;;12;;;;;;;;;174;;;;X;;;;;;;X;;;;;;;;;;;;;;;;;;;X;;;;;;;;;;;;;;;X;;;;X;;;;;;;
010;SS;3190;GRAND HOPITAL DE CHARLEROI;STE.-THERESE;RUE TRIEU KAISIN 134;6061;MONTIGNIES-SUR-SAMBRE;071/10.90.11;;F;W;Hainaut;Charleroi;;;45;27;;;6;;;107;;;;;;;;;;;;;30;;;;;;;215;;;;X;;;;;;;;;;;;;;;;;;;;;;;;;;X;;;;;;;;;;;;;;;;;;;X;X;;;;;;
012;SP;3460;ALGEMEEN ZIEKENHUIS ST. BLASIUS;ALGEMEEN ZIEKENHUIS;KROONVELDLAAN 50;9200;DENDERMONDE;052/25.20.11;www.azsintblasius.be;N;V;Oost-Vlaanderen;Dendermonde;Algemeen ziekenhuis;Privaat;30;8;;119;;100;26;81;;;;;;48;;;20;;6;;;;;;;;;438;438;;;X (2);X (1);"Associatie met ""PET Centrum Zuidoost-Vlaanderen"" (Erk 126)";;X;;;;X;;;;;X;;;;;;;;;X;X;;X;X;X;X;X;X;;X;;X;X;X;X;;;;X;X;;X;X;X;;;;;;
012;SS;3480;ALGEMEEN ZIEKENHUIS ST. BLASIUS;DAGZIEKENHUIS & POLIKLINIEK;KOEVLIET 6;9240;ZELE;052/45.64.00;;N;V;Oost-Vlaanderen;Dendermonde;;;;;;;;;;;;;;;;;;;;;;;;;;;;;;0;;;;X ;;;;;;;;;;;;;;;;;;;;;X;;;;;;;;;;;;;;;;;;;;;;;;;X;;;;;;
015;SP;2850;ST.-NIKOLAUS HOSPITAL;;HUFENGASSE 4-8;4700;EUPEN;087/59.95.99;www.st-nikolaushospital-eupen.be;F;W;Lüttich;Verviers;Allgemein krankenhaus;Privé;;;;51;22;50;13;24;;;;;;12;;;20;;;;;;;;;;;192;;;;X;X (1);;;X;Association avec CHU de Liège (A/707);;;X;;;;;X;;;;;;;;;X;;;X;;;;;;;X;;X;;X;X;;;;X;X;;X;X;;;X;;;;
017;SP;1605;ALGEMEEN ZIEKENHUIS MARIA MIDDELARES;ALGEMEEN ZIEKENHUIS;BUITENRING SINT-DENIJS 30;9000;GENT;09/246.46.46;www.mariamiddelares.be;N;V;Oost-Vlaanderen;Gent - Eeklo;Algemeen ziekenhuis;Privaat;30;10;;212;;126;20;84;;;;;;30;;;30;;;;;;;;;;;542;542;;;X;X (1);;;X;;;;X;X;;;X;X;;;;;;;;;X;X;;X;X;X;X;X;X;;X (geneesmiddelendepot gevestigd Moerstraat 48-50, 9031 Drongen);;X;X;X;X;;;;X;;Associatie met Universitair Ziekenhuis Gent (670);X;X;X;;;;;;
017;SS;1850;ALGEMEEN ZIEKENHUIS MARIA MIDDELARES;MEDISCH CENTRUM;KLINIEKSTRAAT 27;9050;GENTBRUGGE;09/260.60.60;;N;V;Oost-Vlaanderen;Gent - Eeklo;;;;;;;;;;;;;;;;;;;;;;;;;;;;;;0;;;;X;;;;;;;;;;;;;;;;;;;;;X;;;;;;X;;;;;;;;;;;;;;;;;;;;;;;;;
020;SP;3010;CENTRE HOSPITALIER REGIONAL DE VERVIERS;LA TOURELLE;RUE DU PARC 29;4800;VERVIERS;087/21.21.11;www.chrverviers.be;F;W;Liège;Verviers;Hôpital général;Public;;;;94;42;113;30;72;;;;;;25;;;;;;;;;;;;;;376;436;;;X;X (1);;X;X;Association avec CHU de Liège (A/707);;;X;;X;;X;X;;Les programmes partiels B1-B2 est utilisé en association avec CHU Sart-Tilman de Liège (A/707);;;;;;;X;X;;X;X;;;;;;X;;X;X;X;X;;;;X;X;;X;X;;;;;;;
020;SS;3020;CENTRE HOSPITALIER REGIONAL DE VERVIERS;PELTZER;RUE DE LIEGE 107;4800;VERVIERS;087/21.21.11;;F;W;Liège;Verviers;;;;;;;;;;;;;;;;;;;30;30;;;;;;;;;;60;;;;;;;;;;;;;;;;;;;;;;;;;;;;;;;;;;;;;;;;;;;;;;;;;;;;;;;;
023;SP;2860;CLINIQUE ANDRE RENARD;;RUE ANDRE RENARD 1;4040;HERSTAL;04/248.72.11;www.solidaris-liege.be/clinique/la-clinique-andre-renard;F;W;Liège;Liège;Hôpital général;Privé;;;;41;28;43;;48;;;;;;;;;;;;;;;;;;;;160;;;;X;;;;;Association avec CHU de Liège (A/707);;;X;;;;;X;;;;;;;;X;;;;;X;;;;;;X;;X;X;;;;;;X;;;X;X;X;;;;;;
026;SP;6170;ALGEMEEN ZIEKENHUIS ST.- MAARTEN;;LIERSESTEENWEG 435;2800;MECHELEN;015/89.10.10;www.azsintmaarten.be;N;V;Antwerpen;Mechelen;Algemeen ziekenhuis;Privaat;60;35;;131;;131;19;132;;;20;;;45;;20;44;;6;;;;;;;;;643;;;;X (3);X (1);"Associatie met ""PET-CT Centrum Vesalius"" (Erk. 689)";X;;;;;X;;X;;;X;;Deelprogramma B1-B2 wordt uitgebaat in associatie met Imeldaziekenhuis, Bonheiden (689);;;;;;;X;X;;X;X;X;X;X;X;;X;Associatie met Psychiatrisch Ziekenhuis Duffel (E/970);X;X;X;X;;;;X;X;;X;X;X;;;;;;
032;SP;1845;ALGEMEEN ZIEKENHUIS ALMA;;RINGLAAN 15;9900;EEKLO;09/310.00.00;www.azalma.be;N;V;Oost-Vlaanderen;Gent - Eeklo;Algemeen ziekenhuis;Privaat;;;;126;;116;23;100;;;12;;;20;;;20;25;;;;;;;;;;442;;De 12 k(d)- plaatsen worden uitgebaat in functie van de associatie Kinder- & jeugdpsychiatrie regio Gent, Meetjesland en Zuid-Oost Vlaanderen.;;X (2);X (1);Associatie met PET-CT Centrum zorgregio Gent/Eeklo/Deinze;;;;;;X;;;;;X;;;;;;;;;X;;X;X;X;X;X;X;X;;X;;X;X;X;X;;;;X;X;;X;X;X;;;;;;
037;SP;2321;ISOSL, INTERCOMMUNALE DE SOINS SPECIALISES DE LIEGE;HOPITAL VALDOR;RUE BASSE- WEZ 145;4020;LIEGE;04/341.78.11;www.isosl.be;F;W;Liège;Liège;Hôpital général;Public;;;;;;;;128;;;;;;;;;31;62;8;;;;;;;;;229;486;;;Association avec CHR de la Citadelle - Liège (A/412);;;;;;;;;;;;;;;;;;;;;X;;;;;X;;;;;;X;;;;;;;;;;;;X;;;;;X (5 lits);;;
037;SS;2330;ISOSL, INTERCOMMUNALE DE SOINS SPECIALISES DE LIEGE;HOPITAL PERI;MONTAGNE STE.-WALBURGE 4BIS;4000;LIEGE;04/225.87.11;;F;W;Liège;Liège;;;;;;;;;;31;;;;;;;;;;25;;;141;60;;;;;;257;;;;;;;;;;;;;;;;;;;;;;;;;;;;;;X;;;;;;;;;;;;;;;;;;;;;;;;;;
038;SP;2340;SILVA MEDICAL Vzw;SCHEUTBOS;GELUKKIGE GRIJSHEIDSTRAAT 1;1080;BRUSSEL--8;02/482.49.49;www.silva-medical.be;N;B;Brussel-Bruxelles;Bruxelles - Brussel;Algemeen ziekenhuis - Hôpital général;Privaat - Privé;;;;;;;;91;;;;;;;;;;;;;29;;;;;;;120;440;;;;;;;;;;;;;;;;;;;;;;;;;;;;;X;;X;;;;X;;;;;;;;;;;;;;;;X;;;;
038;SS;2430;SILVA MEDICAL Vzw;CLINIQUE DU BOIS DE LA PIERRE;CHAUSSEE DE NAMUR 201;1300;WAVRE;010/88.21.11;;F;W;Brabant Wallon;Brabant Wallon;;;;;;;;;;;;;;;;;;32;127;28;6;31;;;;;;;;224;;;;;;;;;;;;;;;;;;;;;;;;;;;;;;;;;;;;;;;;;;;;;;;;X;;;;;;;;
038;SS;2280;SILVA MEDICAL  Vzw;CLINIQUE DE LA FORET DE SOIGNES;CHEMIN DU SANATORIUM 1;1310;LA HULPE;02/352.61.11;;F;W;Brabant Wallon;Brabant Wallon;;;;;;;;;;;;;;;;;;;;;;;;79;17;;;;;96;;;;;;;;;;;;;;;;;;;;;;;;;;;;;;;;;;;;;;;;;;;;;;;;;;;;;;;;
039;SP;3280;CHU UCL NAMUR;GODINNE;AVENUE DR. G.THERASSE 1;5530;MONT-GODINNE;081/42.21.11;www.chuuclnamur.be;F;W;Namen;Namur - Dinant;Hôpital général à caractère universitaire;Privé;30;;;147;28;137;;24;;;;;;;;;20;;;;;;;;;;;386;;;;X;X (1);X;;;Association avec Cliniques Universitaires St. Luc à Bruxelles (A/403);;;X;X;;;X;X;;;;;X;;;;X;;;;X;;;;;;X;;X;X;X;;;;;X;X;;X;X;;;;;;;
042;SP;2990;CENTRE HOSPITALIER BOIS DE L'ABBAYE;CHBA SERAING;RUE LAPLACE 40;4100;SERAING;04/338.70.00;www.chba.be;F;W;Liège;Liège;Hôpital général à caractère universitaire;Public;;;;100;12;98;15;58;;;;;;24;;20;;;;;;;;;;;;327;427;;;X;X (1);;;X;;;;X;;;;;X;;;;;;;;;X;;;X;X;;;;;;X;;X;;;X;;;;X;X;Exploité en alternance avec CH Chrétien (site Espérance), Montegnée;X;X;X;;;;;;
042;SS;3000;CENTRE HOSPITALIER BOIS DE L'ABBAYE;CHBA WAREMME;AVENUE DE LA RESISTANCE 2;4300;WAREMME;019/33.80.00;;F;W;Liège;Huy - Waremme;;;;;;;39;;;30;;;;;;;;;25;;6;;;;;;;;;100;;;;X;;;;;;;;X;;;;;X;;;;;;;;X;;;;;X;;;;;;;;;;;;;;;X;X;Exploité en alternance avec Cliniques St. Joseph (site Notre-Dame) - Waremme;;X;X;;;;;;
043;SP;1730;CLINIQUE SAINT PIERRE;;AVENUE REINE FABIOLA 9;1340;OTTIGNIES;010/43.72.11;www.cspo.be;F;W;Brabant Wallon;Brabant Wallon;Hôpital général;Privé;30;;;130;15;156;26;38;;;;;;24;;;;;6;;;;;;;;;425;;;;X;X (1);;Collaboration avec Cliniques Universitaires St. Luc à Bruxelles (403);X;Association avec Cliniques Universitaires St. Luc à Bruxelles (A/403);;;X;;X;;X;X;;Les programmes partiels B1-B2 est utilisé en association avec Cliniques Universitaires St. Luc Bruxelles (A/403);;;X;;;;X;X;;X;X;;;;;;X;;X;X;X;X;;;;X;X;;X;X;;;;;;;
049;SP;1010;ALGEMEEN ZIEKENHUIS ST.-JAN BRUGGE-OOSTENDE;ST. JAN BRUGGE;RUDDERSHOVE 10;8000;BRUGGE;050/45.21.11;www.azsintjan.be;N;V;West-Vlaanderen;Brugge;Algemeen ziekenhuis met universitair karakter;Openbaar;50;18;;214;;225;33;114;;;;;;38;15;;20;;;;;;;;;;;727;1182;;;X (2);X (2);X (Associatie Az St. Jan Brugge - Az Delta Roeselare - Az Groeninge Kortrijk);X;X;;;;X;X;;;X;X;;;;;;X;;;X;X;;X;X;X;X;X;X;;X;;X;X;X;X;X;;;X;X;;X;X;X;;;;;;
049;SS;1020;ALGEMEEN ZIEKENHUIS ST.-JAN BRUGGE-OOSTENDE;ST. FRANCISCUS - XAVERIUS;SPAANSE LOSKAAI 1;8000;BRUGGE;050/47.04.70;;N;V;West-Vlaanderen;Brugge;;;30;;;;;;;30;;;;;;;;;20;20;9;;30;;;;;;;139;;S4- bedden worden uitgebaat in associatie met AZ St. Lucas te Brugge;;;;;;;;;;;;;;;;;;;;;;;X;;;;;X;X;;;;;;;;;;;;;;;;;;;;;;X (5 bedden);;;
049;SS;1930;ALGEMEEN ZIEKENHUIS ST.-JAN BRUGGE-OOSTENDE;HENRI SERRUYS;KAIROSTRAAT 84;8400;OOSTENDE;059/55.51.11;;N;V;West-Vlaanderen;Oostende;;;30;10;;67;;101;15;60;;;;;;13;;;;20;;;;;;;;;;316;;;;X;;;;;;;;X;;;;X;X;;;;;;;;;X;;;X;X;X;X;;;;;;X;X;;X;;;;X;X;Exploitatie via alternerende werking met Az Damiaan Oostende (525);;X;X;;;;;;
057;SP;2700;JAN YPERMAN ZIEKENHUIS Vzw;IEPER;BRIEKESTRAAT 12;8900;IEPER;057/35.35.35;www.yperman.net;N;V;West-Vlaanderen;Ieper;Algemeen ziekenhuis;Privaat;;;;129;;145;25;106;;;12;;;33;;;22;;6;;21;;;;;;;499;523;De 12 k(d)- plaatsen worden uitgebaat in functie van de associatie Kinder- & jeugdpsychiatrie regio Ieper - Roeselare - Pittem. De 12 k(d)- plaatsen zijn tijdelijk gelokaliseerd in het PZ H. Hart Ieper;;X;X (1);;;X;;;;X;;X;;;X;;Deelprogramma B1-B2 wordt uitgebaat in associatie met het globale zorgprogramma B3 van het Algemeen Ziekenhuis Delta, Roeselare (117);;;;;;;X;X;;X;X;X;X;X;X;;X;;X;X;X;X;;;;X;X;;X;X;X;;;;;;2019-03-06 00:00:00
057;SS;1120;JAN YPERMAN ZIEKENHUIS Vzw;POPERINGE;OOSTLAAN 11;8970;POPERINGE;057/35.35.35;;N;V;West-Vlaanderen;Ieper;;;;;;;;;;;;;;;;;;;;;;;;;;;;;;0;;;;X;;;;;;;;;;;;;;;;;;;;;;;;;;;;;;;;;;;;;;;;;;;;;X;X;;;;;;
057;SS;3530;JAN YPERMAN ZIEKENHUIS Vzw;WERVIK;STEENAKKER 30;8940;WERVIK;057/35.62.40;;N;V;West-Vlaanderen;Ieper;;;;;;;;;;;;;;;;;;;24;;;;;;;;;;;24;;;;;;;;;;;;;;;;;;;;;;;;;;;;;;;;;;;;;;;;;;;;;;;;;;;;;;;;
063;SP;2100;ALGEMEEN ZIEKENHUIS TURNHOUT;ST. JOZEF;STEENWEG OP MERKSPLAS 44;2300;TURNHOUT;014/44.41.11;www.azturnhout.be;N;V;Antwerpen;Turnhout;Algemeen ziekenhuis;Privaat;38;7;;53;;32;40;50;;;;;;65;;;20;;;;;;;;;;;305;647;;;X;;;;X;;;;X;;;;;X;;;;;;;;X;;;;X;X;X;;X;X;;X (Magazijn gevestigd Tieblokkenlaan 4A, 2300 Turnhout);;;;X;X;;;;X;;;X;X;X;;;;;;
063;SS;1280;ALGEMEEN ZIEKENHUIS TURNHOUT;ST. ELISABETH;RUBENSSTRAAT 166;2300;TURNHOUT;014/40.60.11;;N;V;Antwerpen;Turnhout;;;;;;76;;190;;48;;;;;;;;;;20;8;;;;;;;;;342;;;;X;X (1);;X;;;;;X;;X;;;X;;Deelprogramma B1-B2 wordt uitgebaat in associatie met het globale zorgprogramma B3 van de Universitaire Ziekenhuizen K.U.L. Leuven (322);;;;;;;X;X;;;X;X;X;;;;;;X;X;X;;;;;X;X;;;X;X;;;;;;
068;SP;2870;CENTRE HOSPITALIER REGIONAL DE HUY;;RUE TROIS PONTS 2;4500;HUY;085/27.21.11;www.chrh.be;F;W;Liège;Huy - Waremme;Hôpital général à caractère universitaire;Public;30;;;77;20;104;26;38;;;;;;22;;;;;;;;;;;;;;317;;;;X;X (1);;;X;Association avec CHU de Liège (A/707);;;X;;B1;;X;X;;"B1 = collaboration avec C.H.U. de Liège ""Sart-Tilman"" - Liège (A/707)";;;;;;;X;;;X;X;;;;;;X;;X;X;X;X;;;;X;X;;X;X;X;;;;;;
076;SP;1520;CENTRE HOSPITALIER UNIV. ST.-PIERRE;PORTE DE HAL / HALLEPOORT;RUE HAUTE 322;1000;BRUXELLES--1;02/535.31.11;www.stpierre-bru.be;B;B;Brussel-Bruxelles;Bruxelles - Brussel;A.Z. met univ. karakter - Hôpital général à caractère univ.;Openbaar - Public;30;;;89;;111;40;50;;;;;30;60;15;;;;6;;;;;;;;;431;582;;;X;X (1);;;;Association avec Hôpital Erasme à Bruxelles (A/406);;;X;X;;;X;X;;;X;;;X;;;X;X;;X;;;;;;;X;;X;X;X;X;X;;;X;X;;X;X;;;X;;;;
076;SS;1500;CENTRE HOSPITALIER UNIV. ST.-PIERRE;CESAR DE PAEPE;RUE DES ALEXIENS 11;1000;BRUXELLES--1;02/506.71.11;;B;B;Brussel-Bruxelles;Bruxelles - Brussel;;;;;;;;;;27;;;;;;;;26;24;;;;74;;;;;;;151;;;;X;;;;;;;;;;;;;;;;;;;;;X;;;;;X;;;;;;;;;;;;;;;;;;;X;X;;X;;;;
077;SP;1570;CENTRE HOSPITALIER UNIVERSITAIRE BRUGMANN;VICTOR HORTA;PLACE A. VAN GEHUCHTEN 4;1020;BRUXELLES--2;02/477.21.11;www.chu-brugmann.be;B;B;Brussel-Bruxelles;Bruxelles - Brussel;A.Z. met univ. karakter - Hôpital général à caractère univ.;Openbaar - Public;123;45;;96;;163;;72;;15;;;;52;;;;55;10;;;;;;;;;631;853;;;X;X (1);;;X  ;Association avec Hôpital Erasme à Bruxelles (A/406);;;X;X;;;X;X;;B3 = association avec CHU St. Pierre - Bruxelles (A/076);X;;;;;;X;X;;;X;;;;;;X;;X;X;X;X;Samenwerking met / collaboration avec Hôpital Univ. Des Enfants Reine Fabiola (HUDERF) Bruxelles (150);;;X;;;X;X;;;X;X (4 bedden - lits);;;
077;SS;1590;CENTRE HOSPITALIER UNIVERSITAIRE BRUGMANN;PAUL BRIEN;RUE DU FOYER SCHAERBEEKOIS 36;1030;BRUXELLES--3;02/477.21.11;;B;B;Brussel-Bruxelles;Bruxelles - Brussel;;;;;;16;34;16;;60;;;;;;;;;;;;;;;;;;;;126;;;;X;;;;;;;;;;;;;;;;;;;;;X;;;;;X;;;;;;;;X;;;;;;;X;X;;;X;;;;;;;
077;SS;1571;CENTRE HOSPITALIER UNIVERSITAIRE BRUGMANN;REINE ASTRID;RUE BRUYN 1;1120;BRUXELLES;02/477.21.11;;B;B;Brussel-Bruxelles;Bruxelles - Brussel;;;;;;;;;;;;;;;;;;24;30;;;42;;;;;;;;96;;;;;;;;;;;;;;;;;;;;;;;;;;;;;;;;;;;;;;;;;;;;;;;;;;;;;;;;
079;SP;1510;INSTITUT JULES BORDET;;RUE HEGER BORDET 1;1000;BRUXELLES--1;02/541.31.11;www.bordet.be;B;B;Brussel-Bruxelles;Bruxelles - Brussel;A.Z. met univ. karakter - Hôpital général à caractère univ.;Openbaar - Public;;;;;160;;;;;;;;;;;;;;;;;;;;;;;160;;;;X;X (2);X;X;;;;;;;;;;;;;;;;;;;X;X;;;;;;;;;X;;X;;;;;;X;;;;X;;X;;X;;;;
087;SP;1530;HOPITAUX IRIS SUD - IRIS ZIEKENHUIZEN ZUID;BARON LAMBERT;RUE BARON LAMBERT 38;1040;BRUXELLES--4;02/739.84.11;www.his-izz.be;B;B;Brussel-Bruxelles;Bruxelles - Brussel;Algemeen ziekenhuis - Hôpital général;Openbaar - Public;;;;;;;;;;;;;;;;;;;;;;;;;;;;0;550;;;X;;;;;Association avec Hôpital Erasme à Bruxelles (A/406);;;;;;;;;;;;;;;;;;;;;;;;;;;X;;;;;;;;;;;;X;X;;;X;;;;
087;SS;1540;HOPITAUX IRIS SUD - IRIS ZIEKENHUIZEN ZUID;JOSEPH BRACOPS;RUE DOCTEUR HUET 79;1070;BRUXELLES--7;02/556.12.12;;B;B;Brussel-Bruxelles;Bruxelles - Brussel;;;;;;26;38;26;;56;;;;;;;;24;;;;;;;;;;;;170;;;;X;;;;X;;;;X;;;;;X;;;;;;;;X;;;;;X;;;;;;;;X;;X;;;;;X;;;;X;X;;X;;;;
087;SS;1550;HOPITAUX IRIS SUD - IRIS ZIEKENHUIZEN ZUID;MOLIERE LONGCHAMP;RUE MARCONI 142;1190;BRUXELLES-19;02/348.51.11;;B;B;Brussel-Bruxelles;Bruxelles - Brussel;;;30;;;26;29;26;;30;;;;;;;;;24;24;6;;;;;;;;;195;;;;X;;;;;;;;X;;;;;X;;;X;;;;;X;;;;;;;;;;;;;X;;X;;;;;X;;;;X;;;X;;;;
087;SS;1560;HOPITAUX IRIS SUD - IRIS ZIEKENHUIZEN ZUID;ETTERBEEK-IXELLES/ELSENE;RUE JEAN PAQUOT 63;1050;BRUXELLES--5;02/641.41.11;;B;B;Brussel-Bruxelles;Bruxelles - Brussel;;;;;;26;42;26;20;39;;;;;;32;;;;;;;;;;;;;;185;;;;X;X (1);;;;;;;X;;;;;X;;;;;;;;;X;X;;X;;;;;;;;;X;X;X;X;;;;X;X;"Association ""Bruxelles - SMUR""";;X;X;;X;;;;
096;SP;3220;CENTRE HOSPITALIER UNIVERSITAIRE TIVOLI;;AVENUE MAX BUSET 34;7100;LA LOUVIERE;064/27.61.11;www.chu-tivoli.be;F;W;Hainaut;La Louvière;Hôpital général à caractère universitaire;Privé;45;;;120;14;176;28;72;;;;;;28;15;;20;;;;;;;;;;;518;;;;X;X (1);;X ;X;;;;X;X;;;X;X;;Association programme B3 avec CHU de Bruxelles - Hôpital Erasme, Bruxelles (406);;;;;;;X;X;;X;X;;;;;;X;;X;X;X;X;X;;;X;X;Exploité en alternance avec CH de Jolimont, Haine-Saint-Paul (146);X;X;X;;;;;;
097;SP;1260;HEILIG HART ZIEKENHUIS Vzw;;MECHELSESTRAAT 24;2500;LIER;03/491.23.45;www.hhzhlier.be;N;V;Antwerpen;Lier;Algemeen ziekenhuis;Privaat;29;4;;152;;88;25;81;;;;;;22;;;22;;6;22;;;;;;;;451;;;;X;X (1);"Associatie met ""PET-CT Centrum Vesalius"" (Erk. 689)";;X;;;;X;;;;;X;;;;;;;;;X;;X;X;X;X;X;X;X;;X;;X;X;X;X;;;;X;X;;X;X;X;;;;;;
099;SP;1290;GZA- ZIEKENHUIZEN;GZA- ST. AUGUSTINUS;OOSTERVELDLAAN 24;2610;WILRIJK;03/443.30.11;www.gza.be;N;V;Antwerpen;Antwerpen;Algemeen ziekenhuis met universitair karakter;Privaat;;;;193;;204;24;68;;;;;;64;15;;;;12;;;;;;;;;580;1012;;;X (2);X (2);X;X  (Iridium Kankernetwerk Antwerpen);X;;;;X;;X;;;X;;Deelprogramma B1-B2 wordt uitgebaat in associatie met U.Z. Antwerpen, Edegem (300);;;X;;;;X;X;;X;X;X;;X;X;;X;;X;X;X;X;X;;;X;X;Exploitatie via alternerende werking met het ZNA (campus Middelheim) te Antwerpen;X;X;X;;;;;;2019-03-19 00:00:00
099;SS;2020;GZA- ZIEKENHUIZEN;GZA- ST. VINCENTIUS;ST.-VINCENTIUSSTRAAT 20;2018;ANTWERPEN-1;03/285.20.00;;N;V;Antwerpen;Antwerpen;;;60;5;;110;;69;20;48;;;;;;24;;;;;;;;;;;;;;336;;;;X;X (1);;;;;;;X;;;;;X;;;;;;;;;X;;;X;X;X;;;;;;;X;X;X;X;;;;X;X;Exploitatie via alternerende werking met het ZNA (Campus Stuivenberg) Antwerpen en A.Z. Monica Vzw (Campus Deurne) Antwerpen;;X;X;;;;Associatie met het UZ Antwerpen, Edegem (300);;
099;SS;2030;GZA- ZIEKENHUIZEN;GZA- ST. JOZEF;MOLENSTRAAT 19;2640;MORTSEL;03/444.12.11;;N;V;Antwerpen;Antwerpen;;;;;;;;30;;24;;;;;;;;;20;;;;22;;;;;;;96;;;;X;;;;;;;;X;;;;;;;;;;;;;X;;;;;X;X;X;;;;;;;;X;;;;X;;;;;X;X;;;;;;
102;SP;2080;HEILIG HARTZIEKENHUIS V.Z.W.;;GASTHUISSTRAAT 1;2400;MOL;014/71.20.00;www.azmol.be;N;V;Antwerpen;Geel;Algemeen ziekenhuis;Privaat;;;;55;;59;16;38;;;;;;15;;;;;;;;;;;;;;183;;Associatie m.b.t. de gezamelijke exploitatie van 30 S2- bedden met A.Z. St. Dimpna, Geel (de bedden zijn gelokaliseerd in het A.Z. St. Dimpna, Geel);;X;Associatie met A.Z. St. Dimpna, Geel (709);;;;;;;X;;;;;X;;Associatie zorgprogramma B3 en deelprogramma B1-B2 met UZ Antwerpen, Edegem - GZA- Ziekenhuizen, Wilrijk & AZ Monica, Deurne;;;;;;X;;Associatie met A.Z. St. Dimpna Geel (709);;X;X;X;X;X;X;;X;;X;X;X;X;;;;X;;;X;X;X;;;;;;
103;SP;3310;CHR SAMBRE ET MEUSE;CHR VAL DE SAMBRE AUVELAIS;RUE CHERE VOIE 75;5060;AUVELAIS;071/26.52.11;www.chrvs.be;F;W;Namur;Namur - Dinant;Hôpital général;Public;30;15;;40;9;67;15;40;;;;;;15;;20;26;20;;;;;;;;;;297;303;;;X;Association avec CHU Namur Dinant (A/264);;;;Association avec Cliniques Universitaires St. Luc à Bruxelles (A/403);;;X;;;;;X;;;;;;;;X;;;;X;X;;;;;;X;;X;;X;X;;;;X;X;;X;X;;;;;;;
103;SS;3330;CHR SAMBRE ET MEUSE;CHR VAL DE SAMBRE - FOSSES-LA-VILLE;RUE STE. BRIGIDE 43;5070;FOSSES-LA-VILLE;071/26.53.74;;F;W;Namur;Namur - Dinant;;;;;;;;;;;;;;;;;;;;;6;;;;;;;;;6;;;;;;;;;;;;;;;;;;;;;;;;;;;;;;;;;;;;;;;;;;;;;;;;;;;;;;;;
104;SP;1270;A.Z. RIVIERENLAND;RUMST;'S HERENBAAN 172;2840;RUMST;03/880.90.11;www.azrivierenland.be;N;V;Antwerpen;Mechelen;Algemeen ziekenhuis;Privaat;;;;86;;62;;48;;;;;;;;;;;;;;;;;;;;196;416;;;X;X (1);Associatie met ZNA (009) - GZA (099) - UZA (300);;;;;;X;;;;;X;;;;;;;;X;;;;;X;X;X;X;X;;X;;X;;X;X;;;;X;;;X;X;X;;;;;;2019-03-20 00:00:00
104;SS;2060;A.Z. RIVIERENLAND;BORNEM;KASTEELSTRAAT 23;2880;BORNEM;03/890.16.11;www.sjk.be;N;V;Antwerpen;Mechelen;;;;;;66;;60;;48;;;;;;26;;;20;;;;;;;;;;;220;;;;X;;;;;;;;X;;;;;X;;;;;;;;X;;;;;X;X;;;;;;;X;X;X;X;;;;X;;;;X;X;;;;;;
104;SS;2110;A.Z. RIVIERENLAND;WILLEBROEK;TISSELTSESTEENWEG 27;2830;WILLEBROEK;03/860.32.22;;N;V;Antwerpen;Mechelen;;;;;;;;;;;;;;;;;;;;;;;;;;;;;;0;;;;X;;;;;;;;;;;;;;;;;;;;;;;;;;;X;X;;;;;;;;X;;;;;;;;;X;X;;;;;;
106;SP;1340;A.Z. SINT-MARIA;;ZIEKENHUISLAAN 100;1500;HALLE;02/363.12.11;www.sintmaria.be;N;V;Vlaams-Brabant;Halle;Algemeen ziekenhuis;Privaat;30;6;;70;;74;15;50;;;;;;20;;30;29;;6;;20;;;;;;;350;;;;X;X (1);;;;;;;X;;;;;X;;;;;;;;X;;;;X;X;X;X;X;X;;X;;X;;X;X;;;;X;X;;X;X;X;;;;;;2019-03-15 00:00:00
108;SP;1360;REGIONAAL ZIEKENHUIS HEILIG HART;;NAAMSESTRAAT 105;3000;LEUVEN;016/20.92.11;www.hhleuven.be;N;V;Vlaams-Brabant;Leuven;Algemeen ziekenhuis;Privaat;;;;69;;67;15;72;;;;;;38;;;;20;6;;;;;;;;;287;;;;X;X (1) ;"Associatie met ""PET-CT Centrum Vesalius"" (Erk. 689)";;;;;;X;;;;;X;;;;;;X;;X;;;;X;X;X;X;X;X;;X;;X;;X;X;;;;X;;;X;X;X;;;;;;
109;SP;1370;REGIONAAL ZIEKENHUIS HEILIG HART TIENEN;MARIENDAL;KLINIEKSTRAAT 45;3300;TIENEN;016/80.90.11;www.rztienen.be;N;V;Vlaams-Brabant;Diest - Tienen;Algemeen ziekenhuis;Privaat;;;;81;;81;15;22;;;;;;17;;;;;;;;;;;;;;216;303;;;X (2);X (1);"Associatie met ""PET-CT Centrum Vesalius"" (Erk. 689)";;;;;;X;;;;;X;;;;;;;;;X;;;X;X;X;;X;X;;X;;X;;X;X;;;;X;X;;X;X;X;;;;;;2019-03-06 00:00:00
109;SS;1390;REGIONAAL ZIEKENHUIS HEILIG HART TIENEN;ST. -JAN;HOUTEMSTRAAT 115;3300;TIENEN;016/80.90.11;;N;V;Vlaams-Brabant;Diest - Tienen;;;30;;;;;;;30;;;;;;;;;27;;;;;;;;;;;87;;;;X;;;;;;;;;;;;;;;;;;;;;X;;;;;X;X;X;;;;;;;;;;;;;;;;;;X;;;;;;
109;SS;1380;REGIONAAL ZIEKENHUIS HEILIG HART TIENEN;MEDISCH CENTRUM AARSCHOT;LANGDORPSESTEENWEG 129;3200;AARSCHOT;016/55.17.11;;N;V;Vlaams-Brabant;Diest - Tienen;;;;;;;;;;;;;;;;;;;;;;;;;;;;;;0;;;;X;;;;;;;;;;;;;;;;;;;;;X;;;;;;X;;;;;;;;;;;;;;;;;;X;X;;;;;;
110;SP;1310;KLINIEK ST.-JAN - CLINIQUE ST. JEAN;KRUIDTUIN / BOTANIQUE;KRUIDTUINLAAN 32;1000;BRUSSEL--1;02/221.91.11;www.klstjan.be;B;B;Brussel-Bruxelles;Bruxelles - Brussel;Algemeen ziekenhuis - Hôpital général;Privaat - Privé;56;;;84;;94;15;76;;10;;;;47;;;;;12;;;;;;;;;394;548;;;X;X (1); X  (Associatie Bruxelles Pet-Scan Brussel);X;X;Association avec Cliniques Universitaires St. Luc à Bruxelles (A/403);;;X;X;;;X;X;;;;;;;;;X;X;;X;X;;X;;;;X;;X;X;X;X;;;;X;X;"Association ""Bruxelles - SMUR""";X;X;;;X;;;;
110;SS;1480;KLINIEK ST.-JAN - CLINIQUE ST. JEAN;MERIDIEN / MIDDAGLIJN;RUE DU MERIDIEN 100;1210;BRUXELLES;02/225.91.11;;B;B;Brussel-Bruxelles;Bruxelles - Brussel;;;;23;;;;;;;;;;;;;;;;;;29;24;;;;;;;76;;;;;;;;;;;;;;;;;;;;;;;;;;;;;;;;;;;;;;;;;;;;;;;;;X;;;;;;;
110;SS;2460;KLINIEK ST.-JAN - CLINIQUE ST. JEAN;LEOPOLD I;LEOPOLD I STRAAT 314;1090;BRUXELLES--9;02/421.00.20;;B;B;Brussel-Bruxelles;Bruxelles - Brussel;;;;;;;;;;30;;;;;;;;;;;;48;;;;;;;;78;;;;;;;;;;;;;;;;;;;;;;;;;;;;;;;;;;;;;;;;;;;;;;;;;;;;;;;;
111;SP;1400;EUROPAZIEKENHUIZEN - CLINIQUES DE L'EUROPE;ST. ELISABETH;DE FRELAAN 206;1180;BRUSSEL-18;02/614.20.00;"www.cliniquesdeleurope.be; www.europaziekenhuizen.be";B;B;Brussel-Bruxelles;Bruxelles - Brussel;Algemeen ziekenhuis - Hôpital général;Privaat - Privé;30;;;;257;;15;86;;;;;;24;;;;;12;;;;;;;;;424;715;;;X;X (1); X  (Associatie Bruxelles Pet-Scan Brussel);X;X;Association avec Cliniques Universitaires St. Luc à Bruxelles (A/403);;;X;X;;;X;X;;B3 = associatie met Cliniques Universitaires St. Luc - Bruxelles;X;;;;;;X;X;;X;;;;;;;X;;X;X;X;X;;;;X;X;;X;X;X;;X;;;;
111;SS;1420;EUROPAZIEKENHUIZEN - CLINIQUES DE L'EUROPE;ST.-MICHEL;RUE DE LINTHOUT 150;1040;BRUXELLES--4;02/614.30.00;;F;B;Brussel-Bruxelles;Bruxelles - Brussel;;;30;15;;;134;;;60;;;;;;24;;;20;;8;;;;;;;;;291;;;;X;;;;;;;;X;;;;X;X;;;;;;;;X;;;;;X;;;;;;;;X;X;X;X;;;;X;;;;X;X;;X;;;;
117;SP;1950;ALGEMEEN ZIEKENHUIS DELTA;WILGENSTRAAT;RODE KRUISSTRAAT 20;8800;ROESELARE;051/23.71.11;www.azdelta.be;N;V;West-Vlaanderen;Roeselare;Algemeen ziekenhuis;Privaat;;;;219;;273;;;;;;;;;;;;;;;;;;;;;;492;1403;Ziekenhuisgroepring met Sint-Andriesziekenhuis Tielt (395);;X (1);X (2) ;Associatie met Az Groeninge, Kortrijk (396) en Az St. Jan Brugge-Oostende (049);X;X;;;;X;X;;;X;X;;;;;X;;;;X;X;;;;;;X;X;;X;;X;X;X;;;;;X;X;;X;X;X;;;;;;
117;SS;1100;ALGEMEEN ZIEKENHUIS DELTA;BRUGSESTEENWEG;BRUGSESTEENWEG 90;8800;ROESELARE;051/23.61.11;;N;V;West-Vlaanderen;Roeselare;;;30;;;78;;20;43;;;;;;;46;;;26;20;;60;;;;;;;;323;;;;X (1);X (1);;;;;;;;;;;;;;;;;;;;;;;;X;;;;;;;;;;;X;X;;;;;;;;;;;;X (4 bedden);;;
117;SS;1960;ALGEMEEN ZIEKENHUIS DELTA;MENEN;OUDE LEIELAAN 6;8930;MENEN;056/52.21.11;;N;V;West-Vlaanderen;Kortrijk;;;;;;38;;63;16;48;;;;;;13;;;20;;;;;;;;;;;198;;;;X (1);;;;;;;;X;;;;;X;;;;;;;;X;;;;X;X;X;X;;;;;;X;;X;X;;;;X;X;; ;;X;;;;;;
117;SS;1150;ALGEMEEN ZIEKENHUIS DELTA;WESTLAAN;WESTLAAN 123;8800;ROESELARE;051/23.81.11;;N;V;West-Vlaanderen;Roeselare;;;30;;;;;;;120;;;20;;;;;;;;9;;;;;;;;;179;;De 20 k(d)- plaatsen worden uitgebaat in functie van de associatie regio Ieper - Roeselare - Pittem. 13 k(d)- plaatsen zijn gelokaliseerd  in Az Delta (campus Westlaan) en 7 k(d)- plaatsen in Kliniek St. Jozef Pittem (901);;;;;;;;;;;;;;;;;;;;;;;X;;;;;X;X;X;;;;;;;;;;;;;;;;;;;;;;;;
117;SS;1970;ALGEMEEN ZIEKENHUIS DELTA;REMBERT;ST.-REMBERTLAAN 21;8820;TORHOUT;050/23.21.11;;N;V;West-Vlaanderen;Roeselare;;;;;;44;;56;15;58;;;;;;18;;;20;;;;;;;;;;;211;;;;X (1);Associatie met AZ West Veurne (310);;;;;;;X;;;;;X;;;;;;;;X;;;;X;X;X;X;;;;;;X;X;X;X;;;;X;X;;;X;X;;;;;;
124;SP;1920;ST.-JOZEFSKLINIEK Vzw;ST. JOZEFKLINIEK;OMMEGANGSTRAAT 7;8870;IZEGEM;051/33.41.11;www.sint-jozefkliniek-izegem.be;N;V;West-Vlaanderen;Roeselare;Algemeen ziekenhuis;Privaat;;;;63;;93;20;54;;;;;;17;;24;;;;;;;;;;;;271;;;;X;Associatie met AZ Delta Roeselare (117) en St. Andriesziekenhuis Tielt (395);;;;;;;X;;;;;X;;;;;;;;;X;;X;X;X;X;X;X;X;;X;;X;X;X;X;;;;X;;Associatie met AZ Delta Roeselare (117);X;X;X;;;;;;
126;SP;1780;ONZE LIEVE VROUWZIEKENHUIS;AALST;MOORSELBAAN 164;9300;AALST;053/72.41.11;www.olvz.be;N;V;Oost-Vlaanderen;Aalst;Algemeen ziekenhuis;Privaat;30;;;238;;245;27;61;;;;;;21;;;;;;;;;;;;;;622;844;;;X (2);X (2);X (Associatie PET Centrum Zuidoost-Vlaanderen);X;X;;;;X;X;;;X;X;X;;;;;;Associatie met A.Z. Jan Palfijn, Gent (713);;X;X;;X;X;X;X;X;X;;X;;X;X;X;X;;;;X;X;Exploitatie via alternerende werking met het Aalsters Stedelijk Ziekenhuis - Aalst (176);X;X;X;;;;;;
126;SS;1300;ONZE LIEVE VROUWZIEKENHUIS;ASSE;BLOKLAAN 5;1730;ASSE;02/300.61.11;;N;V;Vlaams-Brabant;Vilvoorde - Dilbeek;;;30;;;50;;52;15;24;;;;;;15;;;;;6;;;;;;;;;192;;;;X;;;;;;;;X;;;;;X;;;;;;;;X;;;;X;X;X;X;;;;;;;;X;X;;;;X;;;;X;X;;;;;;
126;SS;1790;ONZE LIEVE VROUWZIEKENHUIS;MEDISCH CENTRUM;BIEZENSTRAAT 2;9400;NINOVE;054/31.21.11;;N;V;Oost-Vlaanderen;Aalst;;;;;;;;;;;;;;;;;;;;;;30;;;;;;;;30;;;;X;;;;;;;;;;;;;;;;;;;;;X;;;;;;;;;;;;;;;;;;;;;;;;X;X;;;;;;
134;SP;1830;ST.-VINCENTIUSZIEKENHUIS;;SCHUTTERIJSTRAAT 34;9800;DEINZE;09/387.71.11;www.azstvdeinze.be;N;V;Oost-Vlaanderen;Gent - Eeklo;Algemeen ziekenhuis;Privaat;;;;49;;51;20;34;;;;;;16;;;;;;;;;;;;;;170;;Het zorgprogramma voor de geriatrische patiënt wordt uitgebaat in associatie met het Universitair Ziekenhuis Gent;;X;;Associatie met PET-CT Centrum zorgregio Gent/Eeklo/Deinze;;;;;;X;;;;;X;;;;;;;;X;;;;X;X;X;X;X;X;;X;;X;;X;X;;;;X;;;X;X;X;;;;;;
140;SP;1000;ALGEMEEN ZIEKENHUIS ST. LUCAS;;ST.-LUCASLAAN 29;8310;BRUGGE;050/36.91.11;www.stlucas.be;N;V;West-Vlaanderen;Brugge;Algemeen ziekenhuis;Privaat;30;8;;114;;93;24;56;;25;7;;;22;;;20;20;;;;;;;;;;419;;"Associatie mbt. de gezamelijke exploitatie van 9 bedden Sp- palliatieve zorgen met A.Z. St. Jan Brugge-Oostende, de bedden zijn gelokaliseerd in ""campus Franciscus-Xaverius"" Spaanse Loskaai 1 te 8000 Brugge";;X;X (1);;;X;;;;X;;;;;X;;;;;;;Associatie met A.Z. St. Jan Brugge - Oostende (049);;X;X;;X;X;X;X;X;X;;X;;X;X;X;X;Associatie met A.Z. St. Jan Brugge-Oostende (049);;;X;;;X;X;X;;;;;;
143;SP;4200;UNIVERSITAIR ZIEKENHUIS BRUSSEL;;LAARBEEKLAAN 101;1090;BRUSSEL--9;02/477.41.11;www.uzbrussel.be;N;B;Brussel-Bruxelles;Bruxelles - Brussel;Universitair ziekenhuis - Hôpital universitaire;Privaat - Privé;30;;;268;36;203;57;29;;15;5;;;40;16;;22;;;;;;;;;;;721;;;;X;X (3);X (2);X;X;X;X;;X;X;;;X;X;;;;;;X;;;X;X;;X;X;X;X;X;X;;X;;X;X;;X;X;;;X;X;;X;X;X;X;;;;;
146;SP;3200;CENTRES HOSPITALIERS JOLIMONT;HOPITAL JOLIMONT;RUE FERRER 159;7100;HAINE-SAINT-PAUL;064/23.30.11;www.jolimont.be;F;W;Hainaut;La Louvière;Hôpital général;Privé;30;;;146;;178;24;84;;;;;;20;;;;;;60;;;;;;;;542;684;;;X;X (2);X;X;X;Association avec Cliniques Universitaires St. Luc à Bruxelles (A/403);;;X;X;;;X;X;;;;;;;;;X;X;;X;X;;;;;;X;;X;X;X;X;;;;X;X;Exploité en alternance avec C.H.U. Tivoli - La-Louvière(096);X;X;X;;;;;;
146;SS;3210;CENTRES HOSPITALIERS JOLIMONT;HOPITAL LOBBES;RUE DE LA STATION 25;6540;LOBBES;071/59.21.11;;F;W;Hainaut;La Louvière;;;;;;49;;36;12;32;;;;;;13;;;;;;;;;;;;;;142;;;;X;;;;;;;;X;;;;;X;;;;;;;;;X;;X;X;X;;;;;;;;X;;;X;;;;X;X;;;X;X;;;;;;
150;SP;3440;HOPITAL UNIVERSITAIRE DES ENFANTS REINE FABIOLA (HUDERF);;AVENUE J.J. CROCQ 15;1020;BRUXELLES--2;02/477.33.11;www.huderf.be;B;B;Brussel-Bruxelles;Bruxelles - Brussel;Algemeen ziekenhuis - Hôpital général;Openbaar - Public;;;;40;;;90;;;10;18;;;;20;;;;;;;;;;;;;178;;;;X;X (1);;;Collaboration avec CHU Brugmann Bruxelles (077);Association avec Hôpital Erasme à Bruxelles (A/406);;;;;;X;;;;C = samenwerking - collaboration avec CHU Brugmann - Bruxelles (A/077);;;;;;X;;;;X;;;;;;;X;;X;;;;X;X;;X;;;X;X;X;;X;;;;
152;SP;2910;CENTRE HOSPITALIER CHRETIEN;CLINIQUE ST. JOSEPH LIEGE;RUE DE HESBAYE 75;4000;LIEGE-1;04/224.81.11;www.chc.be;F;W;Liège;Liège;Hôpital général;Privé;;;;71;82;67;;65;;;;;;;;;;;;;;;;;;;;285;816;;;X;X (2);X;;;Association avec CHU de Liège (A/707);;;X;;X;;X;X;;Les programmes partiels B1-B2 est utilisé en association avec CHU Sart-Tilman de Liège (A/707);;;;;;;X;X;;;X;;;;;;X;;X;X;;;;;;X;;;X;X;X;;;;;;
152;SS;2920;CENTRE HOSPITALIER CHRETIEN;CLINIQUE DE L'ESPERANCE;RUE ST.-NICOLAS 447;4420;MONTEGNEE;04/224.91.11;;F;W;Liège;Liège;;;;;;70;12;30;67;;;;;;;;;;20;;;;;;;;;;;199;;;;X;;;;;;;;;;;;;;;;;;;;;X;;;;X;;;;;;;;;X;X;;;;;;X;X;Exploité en alternance avec C.H. du Bois de l'Abbaye (site Seraing);;X;X;;;;;;
152;SS;2930;CENTRE HOSPITALIER CHRETIEN;CLINIQUE NOTRE-DAME ;RUE DE SELYS LONGCHAMPS 47;4300;WAREMME;019/33.94.11;;F;W;Liège;Huy - Waremme;;;;;;;43;;;24;;;;;;;;;20;;;;;;;;;;;87;;;;X;;;;;;;;;;;;;;;;;;;;;X;;;;;X;;;;;;;;X;X;;;;;;X;X;Exploité en alternance avec C.H. du Bois de l'Abbaye (site Joseph Wauters) - Waremme;;X;X;;;;;;
152;SP;2960;CENTRE HOSPITALIER CHRETIEN;CLINIQUE ST. VINCENT;RUE FRANCOIS LEFEBVRE 207;4000;ROCOURT;04/239.41.11;;F;W;Liège;Liège;;;75;;;;30;;;;;;;;;105;35;;;;;;;;;;;;;245;;;;X;;;;;;;;;;;;;;;;;;;X;;X;;;;;;;;;;;;;;X;;X;X;;;;;;;X;X;;;;;;
158;SP;2940;CENTRE HOSPITALIER CHRETIEN;CLINIQUE NOTRE-DAME ;RUE BASSE HERMALLE 4;4681;HERMALLE-SOUS-ARGENTEAU;04/374.70.00;www.chc.be;F;W;Liège;Liège;Hôpital général;Privé;;;;;54;;;30;;;;;;;;;20;;6;;;;;;;;;110;228;;;X;;;;;Association avec CHU de Liège (A/707);;;X;;;;;;;;;;;;;X;;;;;X;;;;;;X;;X;X;;;;;;X;;;X;X;X;;;;;;
158;SS;2970;CENTRE HOSPITALIER CHRETIEN;CLINIQUE STE. ELISABETH;RUE DU NAIMEUX 17;4802;HEUSY;087/21.31.11;;F;W;Liège;Verviers;;;;;;;74;;;24;;;;;;20;;;;;;;;;;;;;;118;;;;X;X (1);;;;;;;X;;;;;;;;;;;;;X;;;;;X;;;;;;;;X;X;;X;;;;X;;;;X;X;;;;;;
164;SP;3230;VIVALIA - INSTITUT FAMENNE-ARDENNE-CONDROZ;HOPITAL PRINCESSE PAOLA;RUE DU VIVIER 21;6900;MARCHE-EN-FAMENNE;084/21.91.11;www.vivalia.info;F;W;Luxembourg;Luxembourg;Hôpital général;Public;;;;35;26;32;15;24;;;;;;23;;;20;;;;;;;;;;;175;271;;;X;X (1);;;X;Association avec CHU de Liège (A/707);;;X;;;;;X;;;;;;;;;X;;;X;X;;;;;;X;;X;X;X;X;;;;X;X;;X;X;X;;;;;;
164;SS;3720;VIVALIA - INSTITUT FAMENNE-ARDENNE-CONDROZ;HOPITAL STE. THERESE BASTOGNE;RUE DE HOUFFALIZE 1;6600;BASTOGNE;061/24.01.11;;F;W;Luxembourg;Luxembourg;;;;;;36;;36;;24;;;;;;;;;;;;;;;;;;;;96;;;;X;;;;;;;;X;;;;;X;;;;;;;;;;;;;X;;;;;;;;X;;X;;;;;X;X;;;X;X;;;;;;
166;SP;3290;CHU UCL NAMUR;STE. ELISABETH;PLACE LOUISE GODIN 15;5000;NAMUR;081/72.04.11;www.chuuclnamur.be;F;W;Namur;Namur - Dinant;Hôpital général;Privé;;;;125;15;69;20;24;;;;;;52;;;;;;;;;;;;;;305;315;;;X;X (1);;X Association avec Centre Hospitalier de Mouscron (247);X;Association avec Cliniques Universitaires St. Luc à Bruxelles (A/403);;;X;;X;;X;X;;Les programmes partiels B1-B2 est utilisé en association avec CHU UCL Namur Mont-Godinne (039);;;;;;;X;X;;X (Association avec CHU UCL Namur Mont-Godinne Agr/039);;;;;;;X;;X;X;X;X;;;;X;;;X;X;;;;;;;
166;SS;2480;CHU UCL NAMUR;FOYER ST. FRANCOIS;RUE LOUIS LOISEAU 39A;5000;NAMUR;081/74.13.00;;F;W;Namur;Namur - Dinant;;;;;;;;;;;;;;;;;;;;;10;;;;;;;;;10;;;;;;;;;;;;;;;;;;;;;;;;;;;;;;;;;;;;;;;;;;;;;;;;;;X;;;;;;
168;SP;3240;VIVALIA - CENTRE HOSPITALIER DE L'ARDENNE;;AVENUE DE HOUFFALIZE 35;6800;LIBRAMONT;061/23.81.11;www.vivalia.info;F;W;Luxembourg;Luxembourg;Hôpital Général;Public;;;;81;;70;15;60;;;;;;28;;25;32;;6;;;;;;;;;317;;;;X;X (1);;;X;Association avec CHU de Liège (A/707) et Cliniques Universitaires St. Luc à Bruxelles (A/403);;;X;;X;;;X;;Les programmes partiels B1-B2 est utilisé en association avec CHU UCL Namur, Mont-Godinne (039);;;;X;;;X (Association avec Vivalia - Cliniques du Sud-Luxembourg, Arlon);;;X;X;;;;;;X;;X;X;X;X;;;;X;X;;X;X;X;;;;;;
170;SP;1660;ALGEMEEN ZIEKENHUIS OUDENAARDE;;MINDERBROEDERSSTRAAT 3;9700;OUDENAARDE;055/33.61.11;www.azoudenaarde.be;N;V;Oost-Vlaanderen;Oudenaarde;Algemeen ziekenhuis;Privaat;;;;58;;75;15;53;;;;;;10;;;24;;;;;;;;;;;235;;Associatie mbt. de gezamelijke exploitatie van de dienst pediatrie en materniteit met het Universitair Ziekenhuis te Gent;;X;;"Associatie met ""PET Centrum Zuidoost-Vlaanderen"" (Erk 126)";;;;;;X;;;;;X;;;;;;;;X;;;;X (Associatie met Universitair Ziekenhuis Gent 670);X;X;X;X;X;;X;;X;X;X;X;;;;X;X;;X;X;X;;;;;X Associatie met Algemeen Stedelijk Ziekenhuis Aalst (176);
176;SP;1800;ALGEMEEN STEDELIJK ZIEKENHUIS;AALST;MERESTRAAT 80;9300;AALST;053/76.41.11;www.asz.be;N;V;Oost-Vlaanderen;Aalst;Algemeen ziekenhuis;Openbaar;30;;;97;;98;24;60;;;;;;29;;;;;6;;;;;;;;;344;568;;;X;X (1);"Associatie met ""PET Centrum Zuidoost-Vlaanderen"" (Erk 126)"; X Associatie met UZ Brussel (143);;;;;X;X;;;X;X;;B3 = associatie met Universitair Ziekenhuis te Brussel;;;;;;;X;X;;X;X;X;X;X;X;;X;;X;X;X;X;;;;X;X;Exploitatie via alternerende werking met het Onze Lieve Vrouw Ziekenhuis - Aalst;X;X;X;;;;;X Associatie met Algemeen Ziekenhuis Oudenaarde (170);
176;SS;1820;ALGEMEEN STEDELIJK ZIEKENHUIS;GERAARDSBERGEN;GASTHUISSTRAAT 4;9500;GERAARDSBERGEN;054/43.21.11;;N;V;Oost-Vlaanderen;Aalst;;;;;;41;;59;;54;;;;;;10;;;;;;;;;;;;;;164;;;;X;;;;;;;;X;;;;;X;;;;;;;;X;;;;;X;X;;;;;;;X;;X;X;;;;X;X;;;X;X;;;;;X Associatie met Algemeen Ziekenhuis Oudenaarde (170);
176;SS;1810;ALGEMEEN STEDELIJK ZIEKENHUIS;WETTEREN;WEGVOERINGSTRAAT 73;9230;WETTEREN;09/368.82.11;;N;V;Oost-Vlaanderen;Dendermonde;;;;;;;;;;;;;;;;;;20;20;;;20;;;;;;;;60;;;;X;;;;;;;;X;;;;;;;;;;;;;X;;;;;;X;X;;;;;;;;X;;;;;;;;;X;X;;;;;X Associatie met Algemeen Ziekenhuis Oudenaarde (170);
204;SP;1460;ALGEMEEN ZIEKENHUIS VILVOORDE;JAN PORTAELS;GENDARMERIESTRAAT 65;1800;VILVOORDE;02/254.64.00;www.azjanportaels.be;N;V;Vlaams-Brabant;Vilvoorde - Dilbeek;Algemeen ziekenhuis;Privaat;30;6;;112;;109;15;74;;;;;;24;;;30;;6;;;;;;;;;406;;;;X;X (1);"Associatie met ""PET-CT Centrum Vesalius"" (Erk. 689)";;;;;;X;;;;;X;;;;;;;;;X;;;X;X;X;X;X;X;;X;;X;;X;X;;;;X;X;;X;X;X;;;;;;
217;SP;1900;ALGEMEEN ZIEKENHUIS ST.-ELISABETH;;GODVEERDEGEMSTRAAT 69;9620;ZOTTEGEM;09/364.81.11;www.sezz.be;N;V;Oost-Vlaanderen;Oudenaarde;Algemeen ziekenhuis;Privaat;30;5;;77;;103;20;48;;;;;;20;;;30;;;;;;;;;;;333;;"5 a1- plaatsen worden uit exploitatie genomen in functie van het project 107 ""het PAKT""";;X;X (1);"Associatie met ""PET Centrum Zuidoost-Vlaanderen"" (Erk 126)";;;;;;X;;;;;X;;;;;;;Associatie met A.Z. St. Lucas, Gent (290);;X;;X;X;X;X;X;X;X;;X;;X;X;X;X;;;;X;X;;X;X;X;;;;;;
243;SP;3570;JESSAZIEKENHUIS;SALVATOR;SALVATORSTRAAT 20;3500;HASSELT;011/33.55.11;www.jessazh.be;N;V;Limburg;Hasselt - Genk;Algemeen ziekenhuis met universitair karakter;Privaat;;;;119;;37;;119;;;;;;;;;;;7;;20;;;;;;;302;981;;;X;X (1);;;;;;;X;;;;;X;;;;;;;;;X;;;;X;X;X;X;X;;X;;X;;X;;;;;;;;X;X;X;;;;;;
243;SS;3590;JESSAZIEKENHUIS;VIRGA JESSE;STADSOMVAART 11;3500;HASSELT;011/33.55.11;;N;V;Limburg;Hasselt - Genk;;;50;10;;148;;235;40;30;;;20;;;56;;;;;;;;;;;;;;589;;De dienst neuro-psychiatrie (A-bedden & A1- plaatsen) wordt uitgebaat in associatie met het St. Franciscusziekenhuis te Heusden-Zolder;;X (2);X (2);X (Associatie Limburgs PET-Centrum);X  (Limburgs Oncologisch Centrum);X;;;;X;X;;;X;X;;;;;X;;Associatie met Ziekenhuis Oost-Limburg, Genk (Type B);;X;X;;X;X;X;;;;;;;X;X;X;X;;;;X;X;;;X;X;;;;;;
243;SS;3580;JESSAZIEKENHUIS;ST. URSULA;DIESTSESTEENWEG 8;3540;HERK-DE-STAD;013/55.17.11;;N;V;Limburg;Hasselt - Genk;;;;;;;;;;;;;;;;;;;55;35;;;;;;;;;;90;;;;X;;;;;;;;;;;;;;;;;;;;;X;;;;;;X;;;;;;;;;X;;;;;;;;;;X;;;X (5 bedden);;;
246;SP;3690;VIVALIA - CLINIQUES DU SUD-LUXEMBOURG;CLINIQUE ST. JOSEPH ARLON;RUE DES DEPORTES 137;6700;ARLON;063/23.11.11;www.vivalia.info;F;W;Luxembourg;Luxembourg;Hôpital général;Public;;;;78;36;101;20;42;;;;;;30;;;;;;;;;;;;;;307;403;;;X;X (1);;;Centre Polycentrique (Collaboration avec Vivalia IFAC Marche-en-Famenne -A/164);Association avec CHU de Liège (A/707) et Cliniques Universitaires St. Luc à Bruxelles (A/403);;;X;;X;;X;X;;Les programmes partiels B1-B2 est utilisé en association  de CHU Sart-Tilman à Liège (707);;;;;;;X (Association avec Vivalia - C.H. de l'Ardenne - Libramont);;;X;;;;;;;X;;X;X;X;X;;;;X;X;;X;X;;;;;;;
246;SS;3700;VIVALIA - CLINIQUES DU SUD-LUXEMBOURG;CLINIQUE EDMOND JACQUES VIRTON;RUE DE HARNONCOURT 48;6762;SAINT-MARD;063/58.81.11;;F;W;Luxembourg;Luxembourg;;;30;;;;;;;;;;;;;;;;30;;6;30;;;;;;;;96;;;;X;;;;;;;;;;;;;;;;;;;;;;;;;;;;;;;;;;;;;;;;;;;;;;;;;;;;
247;SP;2770;CENTRE HOSPITALIER DE MOUSCRON;;AVENUE DE FECAMP 49;7700;MOUSCRON;056/85.85.85;www.chmouscron.be;F;W;Hainaut;Tournai - Mouscron;Hôpital général;Privé;30;6;;84;44;97;16;40;;;;;;18;;;;;;;20;;;;;;;355;;;;X;X(1);Association avec CHWAPI Tournai (534);X Association avec CHU UCL Namur - Clinique Ste. Elisabeth à Namur (166);X;Association avec Cliniques Universitaires St. Luc à Bruxelles (A/403);;;X;;X;;;X;;Les programmes partiels B1-B2 est utilisé en association avec Cliniques Universitaires St. Luc, Bruxelles (403);;;;;;;X;;X;X;X;;;;;;X;;X;X;X;X;;;;X;X;;X;X;X;;;;;;
249;SP;3160;CENTRE DE SANTE DES FAGNES;;BOULEVARD LOUISE 18;6460;CHIMAY;060/21.88.11;www.csf.be;F;W;Hainaut;Charleroi;Hôpital général;Public;;;;30;30;30;15;24;;;;;;15;;;;;;;;;;;;;;144;;;;X;Association avec CHU Namur Dinant (A/264);;;;Association avec Cliniques Universitaires St. Luc à Bruxelles (A/403);;;X;;;;;X;;;;;;;;X;;;;X;X;;;;;;X;;X;X;X;X;;;;X;X;;X;X;;;;;;;
254;SP;2730;C.H.U. ET PSYCHIATRIE DE MONS-BORINAGE;;BOULEVARD KENNEDY 2;7000;MONS;065/41.40.00;www.hap.be;F;W;Hainaut;Mons;Hôpital général à caractère universitaire;Public;30;;;95;33;90;27;74;;;;;;20;;;20;20;6;;;;;;;;;415;;;;X;X (1);;;;Association avec Hôpital Erasme à Bruxelles (A/406);;;X;;X;;;X;;Les programmes partiels B1-B2 est utilisé en association avec C.H.U. de Charleroi (718);;;X;;;;X;X;;X;X;;;;;;X;;X;X;X;X;;;;X;X;Exploité en alternance avec C.H.R. Mons-Hainaut (site St. Joseph) - Mons;X;X;X;;;;;;
257;SP;2980;KLINIK ST.-JOSEF;;KLOSTERSTRASSE 9;4780;SANKT-VITH;080/85.41.11;www.klinik.be;F;W;Lüttich;Verviers;Allgemein krankenhaus;Privé;30;8;;;75;;;;;;;;;10;;;;;;20;;;;;;;;143;156;;;X;X (1);;;;Association avec CHU de Liège (A/707);;;X;;;;;X;;;X;;;;;X;;;;;;;;;;;;;;;X;X;;;;X;X;;X;X;X;;X;;;;
257;SS;2981;KLINIK ST.-JOSEF;HOPITAL DE JOUR  PSYCHIATRIQUE;VERVIERSER STRASSE 26;4700;EUPEN;087/59.83.07;;F;W;Lüttich;Verviers;;;;7;;;;;;;;;6;;;;;;;;;;;;;;;;;13;;;;;;;;;;;;;;;;;;;;;;;;;;;;;;;;;;;;;;;;;;;;;;;;;;;;;;;;
264;SP;3260;CHU UCL NAMUR;DINANT;RUE ST.-JACQUES 501;5500;DINANT;082/21.24.11;www.chuuclnamur.be;F;W;Namur;Namur - Dinant;Hôpital général;Privé;;;;35;41;70;15;30;;;;;;20;;;;;;;;;;;;;;211;235;;;X;RMN Mobile X (1);;;;Association avec Cliniques Universitaires St. Luc à Bruxelles (A/403);;;X;;;;;;;;;;;;;;X;;;X;X;;;;;;X;;X;X;X;X;;;;X;X;;X;X;X;;;;;;
264;SS;3270;CHU UCL NAMUR;STE. ANNE;RUE PONT D'AMOUR 50;5500;DINANT;082/22.40.44;;F;W;Namur;Namur - Dinant;;;;;;;;;;;;;;;;;;;24;;;;;;;;;;;24;;;;;;;;;;;;;;;;;X;;;;;;;;;;;;;;;;;;;;;;;;;;;;;;;;;;;;;;;
265;SP;1650;ALGEMEEN ZIEKENHUIS LOKEREN;;LEPELSTRAAT 2;9160;LOKEREN;09/340.81.11;www.azlokeren.be;N;V;Oost-Vlaanderen;Sint-Niklaas;Algemeen ziekenhuis;Privaat;;;;55;;55;15;26;;;;;;19;;;;;;;;;;;;;;170;;;;X;;;;;;;;X;;;;;X;;;;;;;;X;;;;X;X;X;X;X;X;;X;;X;X;X;X;;;;X;;;X;X;X;;;;;;
266;SP;2710;CHR MONS - HAINAUT;ST. JOSEPH;AV. B. DE CONSTANTINOPLE 5;7000;MONS;065/38.55.11;www.chrmonshainaut.be;F;W;Hainaut;Mons;Hôpital général;Privé;;;;46;6;78;15;48;;;20;;;15;;;;;6;23;;;;;;;;257;426;;;X;;;;;Association avec Cliniques Universitaires St. Luc à Bruxelles (A/403);;;X;;X;;X;X;;Les programme partiels B1-B2 est utilisé en association avec Cliniques Universitaires St. Luc, Bruxelles (403);;;;;;;X;;X;X;X;;;;;;X;;X;X;;X;;;;X;X;Exploité en alternance avec C.H.U. Psychiatrique de Mons-Borinage (254);X;X;X;;;;;;
266;SS;2720;CHR MONS - HAINAUT;WARQUIGNIES;RUE DES CHAUFOURS 27;7300;BOUSSU;065/38.55.11;;F;W;Hainaut;Mons;;;;;;30;6;32;;48;;;;;;;;;27;26;;;;;;;;;;169;;;;X;X (1);;;;;;;X;;;;X;X;;;;;;;;;X;;;;X;;;;;;;;X;;X;;;;;X;X;Exploité en alternance avec C.H. EpiCura - Site Hornu (410);;X;X;;;X (6 lits);;;
290;SP;1630;ALGEMEEN ZIEKENHUIS ST. LUCAS ;ST. LUCAS;GROENEBRIEL 1;9000;GENT;09/224.61.11;www.azstlucas.be;N;V;Oost-Vlaanderen;Gent - Eeklo;Algemeen ziekenhuis;Privaat;30;13;;179;;214;35;57;;;2;4;;62;;23;;;;;;;;;;;;619;779;"5 a(d)- plaatsen worden uit exploitatie genomen in functie van het project 107 ""het PAKT"". De 2 k(d)- plaatsen en 4 k(n)- bedden worden uitgebaat in functie van de associatie Kinder- & jeugdpsychiatrie regio Gent, Meetjesland en Zuid-Oost Vlaanderen. De bedden en plaaten zijn geëxploiteerd in PC Gent - Sleidinge (992)";;X (2);X (2);X (PET-CT Centrum zorgregio Gent/Eeklo/Deinze);X;X;;;;X;;X;;;X;;Deelprogramma B1-B2 wordt uitgebaat in associatie met Universitair Ziekenhuis, Gent (670);;;X;;;;X;X;;X;X;X;X;X;X;;X (Magazijn en goederenonthaal gevestigd Logboekstraat 5, 9000 Gent;;X;X;X;X;;;;X;X;Exploitatie via alternerende werking met A.Z. Jan Palfijn, Gent;X;X;X;;;;;;
290;SS;1640;ALGEMEEN ZIEKENHUIS ST. LUCAS;VOLKSKLINIEK;TICHELREI 1;9000;GENT;09/224.56.11;;N;V;Oost-Vlaanderen;Gent - Eeklo;;;;;;;;;;68;;;;;;;;;;50;12;30;;;;;;;;160;;;;X;;;;;;;;;;;;;;;;;;;;;X;;;;;X;X;;;;;;;;;;;;;X;;;;;X;X;;;;;;
300;SP;4220;UNIVERSITAIR ZIEKENHUIS ANTWERPEN;;WILRIJKSTRAAT 10;2650;EDEGEM;03/821.30.00;www.uza.be;N;V;Antwerpen;Antwerpen;Universitair ziekenhuis;Privaat;;;;246;;250;38;;;;;;;20;19;;;;;;;;;;;;;573;;Associatie met het PZ St. Norbertus, Duffel mbt de gezamelijke exploitatie van 90 A- bedden met korte verblijfsduur gericht op psychose angst en depressie en wachtdienst, deze diensten zijn gevestigd in het PZ St. Norbertus, Stationsstraat 22C te 2570 Duffel. De dienst ambulante consultatie psychiatrie, het universitair forensisch centrum, de crisis- en liaisonpsychiatrie en de psychiatrische wachtdienst zijn gelokaliseerd in het UZA, Edegem;;X;X (3);X (2);Associatie met Iridium Kankernetwerk Antwerpen;X;X;X;;X;X;;;X;X;X;;;;;X;;;X (Associatie met Az Monica, Antwerpen 682);X;;X;;;;;;;X;;X;X;X;X;X;;;X;X;;X;X;X;X;;;X;;2019-03-19 00:00:00
308;SP;1250;ALGEMEEN ZIEKENHUIS HERENTALS;;NEDERRIJ 133;2200;HERENTALS;014/24.61.11;www.azherentals.be;N;V;Antwerpen;Geel;Algemeen ziekenhuis;Privaat;;;;84;;70;15;24;;;;;;20;;;30;;;;;;;;;;;243;;;;X;X (1) ;;;;;;;X;;;;;X;;;;;;;;X;;Associatie met het A.Z. Turnhout (063);;X;X;X;X;X;X;;X;;X;X;X;X;;;;X;X;;X;X;X;;;;;;
310;SP;1980;AZ WEST;;IEPERSE STEENWEG 100;8630;VEURNE;058/33.31.11;www.azwest.be;N;V;West-Vlaanderen;Oostende;Algemeen ziekenhuis;Privaat;30;;;61;;50;17;48;;;;;;18;;;;;;;;;;;;;;224;;;;X;X (1);;;;;;;X;;;;;X;;;;;;;;X;;;;X;X;X;X;X;X;;X;;X;X;X;X;;;;X;X;;X;X;X;;;;;;
322;SP;4230;UNIVERSITAIRE ZIEKENHUIZEN K.U.L.;GASTHUISBERG;HERESTRAAT 49;3000;LEUVEN;016/33.22.11;www.uzleuven.be;N;V;Vlaams-Brabant;Leuven;Universitair ziekenhuis;Privaat;;;;501;6;591;128;84;;40;15;;8;65;35;;;;;;;;;;;;;1473;1764;De 40 K- bedden & 15 k(d) plaatsen worden uitgebaat in associatie met Universitair Centrum St. Jozef te Kortenberg (943);;X;X (4);X (2);X;X;X;X;X;X;X;;X;X;X;X;;;;;X;;;X;X;;X;X;X;X;X;X;;X;;X;X;X;X;X;X;;X;X;;X;X;X;X;;;;;2019-03-11 00:00:00
322;SS;4260;UNIVERSITAIRE ZIEKENHUIZEN K.U.L.;STADSCAMPUS;BRUSSELSESTRAAT 69;3000;LEUVEN;016/34.49.00;;N;V;Vlaams-Brabant;Leuven;;;;;;30;;;;17;;;;;;;;;;;9;;;;;;;;;56;;;;;;;;;;;;;;;;;;;;;;;;;X;;;;;X;;;;;;;;;;;;;;;;;;;X;;;;;;;
322;SS;4270;UNIVERSITAIRE ZIEKENHUIZEN K.U.L.;PELLENBERG;WELIGERVELD 1;3212;PELLENBERG;016/33.22.11;;N;V;Vlaams-Brabant;Leuven;;;;;;105;;24;;34;;;;;;;;;72;;;;;;;;;;;235;;;;X;;;;;;;;;;;;;;;;;;;;;X;;;;;X;X;;;;;;;;;;;;;;;;;;X;X;;;X (5 bedden);;;
325;SP;2750;C.H. UNIVERSITAIRE ANDRE VESALE;ANDRE VESALE;RUE DE GOZEE 706;6110;MONTIGNY-LE-TILLEUL;071/92.15.11;www.chu-charleroi.be;F;W;Hainaut;Charleroi;Hôpital général à caractère universitaire;Public;;;;71;65;102;15;78;;;;;;20;;;;;;20;;;;;;;;371;544;;;X;X (1);;X;X;Association avec Hôpital Erasme à Bruxelles (A/406);;;X;;;;X;X;;;;;;;;;X;;;X;X;;;;;;X;Association avec C.H.U. de Charleroi (A/718);X;X;X;X;;;;X;X;;X;X;X;;;;;X Association avec CHU Charleroi (718);
325;SS;VH12;C.H. UNIVERSITAIRE ANDRE VESALE;LEONARD DE VINCI;RUE DE GOZEE 706;6110;MONTIGNY-LE-TILLEUL;071/92.38.73;;F;W;Hainaut;Charleroi;;;;;;;;;;;;;;;;;;45;25;95;8;;;;;;;;;173;;;;;;;;;;;;;;;;;;;;;;;;;;;;;;;;;;;;;;;;;;;;;;;;;;;;;X (5 lits);;;
332;SP;6140;CHIREC;DELTA;BOULEVARD DU TRIOMPHE 201;1160;BRUXELLES-16;02/434.81.11;www.chirec.be;B;B;Brussel-Bruxelles;Bruxelles - Brussel;Algemeen ziekenhuis - Hôpital général;Privaat - Privé;;;;30;172;60;20;48;;;;;;50;15;;43;;;;;;;;;;;438;438;;;X;X (1);X  (Association Bruxelles Pet-Scan Brussel);X;X;;;;X;;;;;X;;;;;X;;;;X;X;;X;X;;;;;;X;;X;;X;X;X;;;X;;"Association ""Bruxelles - SMUR""";X;X;X;;X;;;;
332;SS;6180;CHIREC;CENTRE MEDICAL EDITH CAVELL;RUE GENERAL LOTZ 37;1180;BRUXELLES-18;;;B;B;Brussel-Bruxelles;Bruxelles - Brussel;;;;;;;;;;;;;;;;;;;;;;;;;;;;;;0;;;;;;;;;;;;;;;;;;;;;;;;;;;;;;;;;;;;;;;;;;;;;;;;;X;;;;;;;
346;SP;1710;CENTRES HOSPITALIERS JOLIMONT;HOPITAL NIVELLES;RUE SAMIETTE 1;1400;NIVELLES;067/88.52.11;www.jolimont.be;F;W;Brabant Wallon;Brabant Wallon;Hôpital général;Privé;;;;50;;56;;75;;;20;;;;;;;;;;;;;;;;;201;;"Les 20 places k(j) exploité en association avec Clinique Notre-Dame de Grâce à Gosselies (409) et ""Les Feux Follets"" à Wangenies (949)";;X;;;;;Association avec Cliniques Universitaires St. Luc à Bruxelles (A/403);;;X;;;;;X;;;;;;;;X;;;;;X;;;;;;X;;X;;X;X;;;;X;X;;X;X;X;;;;;;
371;SP;3560;ZIEKENHUIS OOST - LIMBURG;ST. JAN;SCHIEPSE BOS 6;3600;GENK;089/32.50.50;www.zol.be;N;V;Limburg;Hasselt - Genk;Algemeen ziekenhuis met universitair karakter;Openbaar;30;12;;207;;214;25;96;;;;;;60;17;;;;9;;;;;;;;;670;811;;;X;X (2);X (Associatie Limburgs PET-Centrum);X Associatie met Jessaziekenhuis, Hasselt (243);X;;;;X;X;;;X;X;;;;;;X;Associatie met Jessaziekenhuis, Hasselt;;X;X;;X;X;X;X;X;X;;X;;X;X;X;X;X;;;X;X;;X;X;X;;;;;;
371;SS;3040;ZIEKENHUIS OOST - LIMBURG;ST.-BARBARA;BESSEMERSTRAAT 478;3620;LANAKEN;089/32.50.50;;N;V;Limburg;Hasselt - Genk;;;;;;34;;25;;30;;;;;;;;;22;;;;30;;;;;;;141;;;;X;;;;;;;;;;;;;;;;;;;;;X;;;;;X;X;;;;;;;;;;;;;;;;;;X;X;;;;;;
392;SP;6160;ALGEMEEN ZIEKENHUIS ZENO;KNOKKE-HEIST;KALVEKEETDIJK 260;8300;KNOKKE-HEIST;050/53.50.00;www.azzeno.be;N;V;West-Vlaanderen;Brugge;Algemeen ziekenhuis;Privaat;30;;;85;;100;15;27;;;;;;13;;;;;;;;;;;;;;270;334;;;X;X (1);;;;;;;X;;;;;X;;;;;;;;X;;;;X;X;X;X;X;X;;X;;X;X;X;X;;;;X;X;;X;X;X;;;;;;
392;SS;1040;ALGEMEEN ZIEKENHUIS ZENO;BLANKENBERGE;DR. VERHAEGHESTRAAT 1;8370;BLANKENBERGE;050/53.40.00;;N;V;West-Vlaanderen;Brugge;;;;;;;;;;24;;;;;;;;20;20;;;;;;;;;;;64;;;;X;;;;;;;;X;;;;;;;;;;;;;X;;;;;X;X;X;;;;;;;;X;;;;;X;X;;;X;X;;;;;;
395;SP;1170;ST.-ANDRIESZIEKENHUIS;;BRUGGESTRAAT 84;8700;TIELT;051/42.51.11;www.sintandriestielt.be;N;V;West-Vlaanderen;Roeselare;Algemeen ziekenhuis;Privaat;30;;;75;;75;20;48;;;;;;18;;;;;;;;;;;;;;266;;Ziekenhuisgroepering met AZ Delta Roeselare (117);;X;X (1) Associatie met AZ Delta, Roeselare (117);;;;;;;X;;;;;X;;;;;;;;;X;;;X;X;X;X;X;X;;X;;X;X;X;X;;;;X;X;;X;X;X;;;;;;
396;SP;1090;ALGEMEEN ZIEKENHUIS GROENINGE;KENNEDYLAAN;PRESIDENT KENNEDYLAAN 4;8500;KORTRIJK;056/63.63.63;www.azgroeninge.be;N;V;West-Vlaanderen;Kortrijk;Algemeen ziekenhuis;Privaat;60;18;;267;;338;48;120;;;;;;48;;25;;;;;30;;;;;;;954;1054;;;X (3);X (2);X (Associatie Az St. Jan Brugge - Az Delta Roeselare - Az Groeninge Kortrijk);X;X;;;;X;;X;;X;X;;Deelprogramma B1-B2 wordt uitgebaat in associatie met A.Z. Maria Middelares te Gent (017);;;X;;;;X;X;;X;X;X;X;X;X;;X;Associatie met PZ Heilige Familie Kortrijk (528);X;X;X;X;;;;X;X;;X;X;X;;;;;;
396;SS;1060;ALGEMEEN ZIEKENHUIS GROENINGE;REEPKAAI;REEPKAAI 4;8500;KORTRIJK;056/63.63.63;;N;V;West-Vlaanderen;Kortrijk;;;;;;;;;;;;;;;;;;;30;;10;60;;;;;;;;100;;;;X;;;;;;;;;;;;;;;;;;;;;X;;;;;;X;;;;;;;;;X;;;;;;;;;;;;;;;;
397;SP;1990;O.L.V. VAN LOURDES ZIEKENHUIS WAREGEM;;VIJFSEWEG 150;8790;WAREGEM;056/62.31.11;www.ziekenhuiswaregem.be;N;V;West-Vlaanderen;Kortrijk;Algemeen ziekenhuis;Privaat;30;;;58;;67;22;48;;;;;;22;;;20;;;;;;;;;;;267;;;;X;;;;;;;;X;;;;;X;;;;;;;;;X;;X;X;X;X;X;X;X;;X;;X;X;X;X;;;;X;;;X;X;X;;;;;;
403;SP;4190;CLINIQUES UNIVERSITAIRES ST.-LUC;;AVENUE HIPPOCRATE 10;1200;BRUXELLES-20;02/764.11.11;www.saintluc.be;F;B;Brussel-Bruxelles;Bruxelles - Brussel;Universitair ziekenhuis - Hôpital universitaire;Privaat - Privé;24;;;324;;357;99;48;;5;30;;;36;22;;28;;;;;;;;;;;973;;;;X;X (3);X (2);X;X;X;X;;X;X;;X;X;X;X;;;;;X;;;X;X;;X;X;;;;;;X;;X;X;X;X;X;X;;X;X;;X;X;X;X;;;;;
406;SP;4210;CLINIQUES UNIVERSITAIRES DE BRUXELLES - HOPITAL ERASME;ERASME;ROUTE DE LENNIK 808;1070;BRUXELLES--7;02/555.31.11;www.hopitalerasme.be;F;B;Brussel-Bruxelles;Bruxelles - Brussel;Universitair ziekenhuis - Hôpital universitaire;Privaat - Privé;50;;;337;39;311;15;24;;20;;;;27;21;;;20;;;;;;;;;;864;1076;;;X;X (3);X (2);;X;X;X;;X;X;;;X;X;X;Association programme B3 avec CHU Tivoli, La-Louviere (096);;;;X;;;X;X;;X;X;;;;;;X;;X;X;X;X;;;;X;X;;X;X;X;X;;;;;
406;SS;2390;CLINIQUES UNIVERSITAIRES DE BRUXELLES - HOPITAL ERASME;CTR;PLACE A. VAN GEHUCHTEN 4;1020;BRUXELLES--2;02/475.12.11;www.ctrbxl.eu;F;B;Brussel-Bruxelles;Bruxelles - Brussel;;;;;;;;;;;;;;;;;;;29;88;;;;;;;;;;117;;;;;;;;;;;;;;;;;;;;;;;;;;;;;;;;;;;;;;;;;;;;;;;;;;;;;X (6 lits);;;
406;SS;2380;CLINIQUES UNIVERSITAIRES DE BRUXELLES - HOPITAL ERASME;HOPITAL DE REVALIDATION GERIATRIQUE;RUE DE LA CHARRETTE 27;1200;BRUXELLES-20;02/777.75.11;;F;B;Brussel-Bruxelles;Bruxelles - Brussel;;;;;;;;;;95;;;;;;;;;;;;;;;;;;;;95;;;;;;;;;;;;;;;;;;;;;;;;;;;;;;X;;;;;;;;;;;;;;;;;;;;;;;;;;
409;SP;3350;CLINIQUE NOTRE-DAME DE GRACE;;CHAUSSEE DE NIVELLES 212;6041;GOSSELIES;071/37.90.00;www.cndg.be;F;W;Hainaut;Charleroi;Hôpital général;Privé;;;;49;10;46;15;54;;;6;;;24;;;;;;20;;;;;;;;224;;Les 6 places k(j) exploité en association avec CH Jolimonts Nivelles (346) et Les Feux Follets à Wangenies (949);;X;Assocation avec Grand Hôpital de Charleroi (010);;;;Association avec Cliniques Universitaires St. Luc à Bruxelles (A/403);;;X;;;;X;X;;;;;;;;;X;;;X;X;;;;;;X;;X;X;X;X;;;;X;X;;X;X;X;;;;;;
410;SP;3060;CENTRE HOSPITALIER EPICURA;BAUDOUR;RUE LOUIS CATY 136;7331;BAUDOUR;065/76.81.11;www.epicura.be;F;W;Hainaut;Mons;Hôpital général;Privé;;;;30;36;30;;96;;;;;;;;;24;21;;;;;;;;;;237;569;;;X;;;X;X;;;;X;;;;;;;;;;;;;;X;;;;X;;;;;;X;;X;X;X;;;;X;;;;X;X;;;;;;;
410;SS;3380;CENTRE HOSPITALIER EPICURA;HORNU;ROUTE DE MONS 63;7301;HORNU;065/71.31.11;;F;W;Hainaut;Mons;;;30;10;;97;11;120;20;;;;;;;20;;;24;;;;;;;;;;;332;;;;X;X (1);;;X;Association avec Cliniques Universitaires St. Luc à Bruxelles (A/403);;;X;;X;;X;X;;Les programmes partiels B1-B2 est utilisé en association avec Grand Hôpital de Charleroi, Gilly (010);;;;;;;X;X;;X;;;;;;;;;X;X;X;;;;;X;X;Exploité en alternance avec  CHR Mons - Hainaut (site Warquignies) à Boussu;;;;;;;;;
410;SS;3390;CENTRE HOSPITALIER EPICURA;FRAMERIES;RUE DE FRANCE 2;7080;FRAMERIES;065/61.22.11;;F;W;Hainaut;;;;;;;;;;;;;;;;;;;;;;;;;;;;;;;0;;;;;;;;;;;;;;;;;;;;;;;;;;;;;;;;;;;;;;;;;;;;;;;;;X;;;;;;;
412;SP;3410;CENTRE HOSPITALIER REGIONAL DE LA CITADELLE;CITADELLE;BOULEV. DU 12E DE LIGNE 1;4000;LIEGE;04/225.61.11;www.chrcitadelle.be;F;W;Liège;Liège;Hôpital général à caractère universitaire;Public;53;10;;156;76;218;80;171;;20;;;;53;25;;;;;;;;;;;;;862;897;;;X;X (2);;;X;Association avec CHU de Liège (A/707);;;X;X;;;X;X;;;;;;X;;;X;X;;X;X;;;;;;X;;X;X;X;X;X;X;;X;X;;X;X;X;;;;;;
412;SS;3430;CENTRE HOSPITALIER REGIONAL DE LA CITADELLE;CHATEAU ROUGE;RUE DU GRAND PUITS 47;4040;HERSTAL;04/240.59.05;;F;W;Liège;Liège;;;;;;;;;;;;;;;;;;;35;;;;;;;;;;;35;;;;;;;;;;;;;;;;;;;;;;;;;;;;;;;;;;;;;;;;;;;;;;;;;;;;;;;;
525;SP;1940;ALGEMEEN ZIEKENHUIS DAMIAAN;;GOUWELOZESTRAAT 100;8400;OOSTENDE;059/41.40.40;www.azdamiaan.be;N;V;West-Vlaanderen;Oostende;Algemeen ziekenhuis;Privaat;55;5;;101;;132;33;102;;;;;;25;;;20;20;6;;24;;;;;;;523;;;;X (2);X (1);;;;;;;X;;X;;X;X;;Deelprogramma B1-B2 wordt uitgebaat in associatie met A.Z. Maria Middelares, Gent (017);;;;;;;X;X;;X;X;X;X;X;X;;X;;X;X;X;X;;;;X;X;Exploitatie via alternerende werking met het A.Z. St. Jan Brugge-Oostende (campus Henri Serruys);X;X;X;;;;;;
528;SP;2170;PSYCHIATRISCH ZIEKENHUIS HEILIGE FAMILIE;;GROENINGEPOORT 4;8500;KORTRIJK;056/24.52.11;www.pzhfamilie.be;N;V;West-Vlaanderen;Kortrijk;Psychiatrisch ziekenhuis;Privaat;75;15;;;;;;;;24;1;5;;;;;;;;;;;;;;;;120;;;;;;;;;;;;;;;;;;;;;;;;;;;;;;;;;;;;X (geneesmiddelendepot);Associatie ziekenhuisapotheek met AZ Groeninge Kortrijk (396);;;;;;;;;;;;;;;;;;;
534;SP;2810;CENTRE HOSPITALIER DE WALLONIE PICARDE - Chwapi;NOTRE-DAME;AVENUE DELMEE 9;7500;TOURNAI;069/33.31.11;www.chwapi.be;F;W;Hainaut;Tournai - Mouscron;Hôpital général;Privé;;;;60;45;30;;24;;;;;;;;;52;;;22;;;;;;;;233;755;;;X;X (1);;;;Association avec Cliniques Universitaires St. Luc à Bruxelles (A/403);;;;;;;;;;;;;;;;;X;;;;X;;;;;;;;X;;X;;;;;;;;;X;X;;;;;;
534;SS;2830;CENTRE HOSPITALIER DE WALLONIE PICARDE - Chwapi;UNION;RUE DES SPORTS 51;7500;TOURNAI;069/33.11.11;;F;W;Hainaut;Tournai - Mouscron;;;30;;;90;21;120;30;;;;;;;30;;22;;22;6;;;;;;;;;371;;;;X;X (1);X;;;;;;X;;X;;X;X;;Les programmes partiels B1-B2 est utilisé en association avec CHU UCL Namur (Godinne) Agr/039;;;X;;;;X;X;;X;;;;;;;X;;X;X;;X;;;;X;X;;X;X;X;;;X (5 lits);;;
534;SS;3090;CENTRE HOSPITALIER DE WALLONIE PICARDE - Chwapi;IMC;CHAUSSEE ST.-AMAND 80;7500;TOURNAI;069/33.11.11;;F;W;Hainaut;Tournai - Mouscron;;;;;;;43;;;72;;;;;;;;;;;6;;30;;;;;;;151;;;;X;;;;X;;;;;;;;;;;;;;;;;;X;;;;X;;;;;;;;;;;;;;;;;;;X;X;;;;;;
536;SP;2090;ALGEMEEN ZIEKENHUIS ST.-JOZEF;;OUDE LIERSEBAAN 4;2390;MALLE;03/380.20.11;www.azsintjozef.be;N;V;Antwerpen;Voorkempen;Algemeen ziekenhuis;Privaat;;;;68;;95;20;32;;;;;;15;;;20;;;;;;;;;;;250;;;;X;X (1);Associatie met ZNA (009)- GZA (099) - UZA (300) ;Associatie met Iridium Kankernetwerk Antwerpen;X;;;;X;;;;;X;;;;;;;;X;;Associatie met A.Z. Klina Brasschaat (710);;X;X;X;X;X;X;;X;Associatie met PZ Bethaniënhuis Zoersel (936);X;X;X;X;;;;X;X;;X;X;X;;;;;;2019-03-20 00:00:00
547;SP;2630;VALISANA ASBL;SANATIA;RUE DU MOULIN 27 - 29;1210;BRUXELLES;02/211.00.40;www.valida.be;B;B;Brussel-Bruxelles;Bruxelles - Brussel;Algemeen ziekenhuis - Hôpital général;Privaat - Privé;70;30;;;;;;;;;;;;;;;;;;;;;;;;;;100;275;;;;;;;;;;;;;;;;;;;;;;;;;;;;;;;;;;;X;;;;;;;;;;;;;;;;;;;;
547;SS;1490;VALISANA ASBL;VALIDA;AVENUE JOSSE GOFFIN 180;1082;BRUXELLES--8;02/482.40.00;;B;B;Brussel-Bruxelles;Bruxelles - Brussel;;;;;;;;;;90;;;;;;;;;85;;;;;;;;;;;175;;;;;;;;;;;;;;;;;;;;;;;;;;;;;;;;;;;;;;;;;;;;;;;;;;;;;;;;
550;SP;1680;ALGEMEEN ZIEKENHUIS GLORIEUX;;GLORIEUXLAAN 55;9600;RONSE;055/23.30.11;www.azglorieux.be;N;V;Oost-Vlaanderen;Oudenaarde;Algemeen ziekenhuis;Privaat;30;7;;70;;63;18;90;;;2;4;;15;;;35;;6;;;;;;;;;340;;De 2 k(d)- plaatsen en 4 k(n)- bedden worden uitgebaat in functie van de associatie Kinder- & jeugdpsychiatrie regio Gent, Meetjesland en Zuid-Oost Vlaanderen. De bedden en plaatsen worden geëxploiteerd in PC Gent - Sleidinge (992);;X;X (1);"Associatie met ""PET Centrum Zuidoost-Vlaanderen"" (Erk 126)";;X;;;;X;;;;;X;;;;;;;;;X;;;X;X;X;X;X;X;;X;;X;X;X;X;;;;X;X;;X;X;X;;;;;;
595;SP;1860;ALGEMEEN ZIEKENHUIS NIKOLAAS;SINT-NIKLAAS;MOERLANDSTRAAT 1;9100;SINT-NIKLAAS;03/760.60.60;www.aznikolaas.be;N;V;Oost-Vlaanderen;Sint-Niklaas;Algemeen ziekenhuis;Privaat;30;15;;241;;212;35;98;;17;3;;;57;;;;;;;;;;;;;;708;810;;;X (2);X (1);;X  (Iridium Kankernetwerk Antwerpen);X;;;;X;;X;;;X;;Deelprogramma B1-B2 wordt uitgebaat in associatie met het globale zorgprogramma B3 van het Universitair Ziekenhuis, Gent (670);;;X;;;;X;X;;X;X;X;X;X;X;;X;;X;X;X;X;;;;X;X;;X;X;X;;;;;;
595;SS;1870;ALGEMEEN ZIEKENHUIS NIKOLAAS;BEVEREN-WAAS;OUDE ZANDSTRAAT 99;9120;BEVEREN;03/760.50.11;;N;V;Oost-Vlaanderen;Sint-Niklaas;;;;;;;;;;48;;;;;;;;;46;;8;;;;;;;;;102;;;;X;;;;;;;;;;;;;;;;;;;;;X;;;;;X;X;;;;;;;;;;;;;;;;;;X;X;;;;;;
595;SS;1880;ALGEMEEN ZIEKENHUIS NIKOLAAS;TEMSE;GASTHUISSTRAAT 5;9140;TEMSE;03/780.40.11;;N;V;Oost-Vlaanderen;Sint-Niklaas;;;;;;;;;;;;;;;;;;;;;;;;;;;;;;0;;;;X;;;;;;;;;;;;;;;;;;;;;;;;;;;X;;;;;;;;;;;;;;;;;;;;;;;;;
670;SP;3850;UNIVERSITAIR ZIEKENHUIS GENT;;CORNEEL HEYMANSLAAN 10;9000;GENT;09/332.21.11;www.uzgent.be;N;V;Oost-Vlaanderen;Gent - Eeklo;Universitair ziekenhuis;Openbaar;76;10;;389;;351;72;30;;15;17;;;31;32;;20;;6;;;;;;;;;1049;;De 15 K- bedden en 17 k(d)- plaatsen worden uitgebaat in functie van de associatie Kinder- & jeugdpsychiatrie regio Gent, Meetjesland en Zuid-Oost Vlaanderen;;X;X (3);X (2);X;X;X;X;X;X;X;;X;X;X;X;;;;;X;;;X;X;;X;X;X;X;X;X;Associatie met St. Vincentiusziekenhuis Deinze (134);X;;X;X;X;X;X;X;;X;X;;X;X;X;X;;X (6 bedden);;;
682;SP;1210;A.Z. MONICA;DEURNE;FLORENT PAUWELSLEI 1;2100;DEURNE;03/320.50.00;www.azmonica.be;N;V;Antwerpen;Antwerpen;Algemeen ziekenhuis;Privaat;;;;96;;80;16;48;;;;;;25;;;;;;;;;;;;;;265;466;;;X;X (1);Associatie met ZNA (009)- GZA (099) - UZA (300) ;Associatie met Iridium Kankernetwerk Antwerpen ;;;;;X;;X;;X;X;;Deelprogramma B1-B2 wordt uitgebaat in associatie met U.Z. Antwerpen, Edegem (300);;;;;;;X (Associatie met Universitair Ziekenhuis Antwerpen Edegem 300);X;;X;X;X;X;X;X;;X;;X;X;;X;;;;X;X;Exploitatie via alternerende werking met het ZNA (campus  Stuivenberg) Antwerpen en GZA- Ziekenhuizen (Campus St. Vincentius) Antwerpen;X;X;X;;;;;;2019-03-20 00:00:00
682;SS;1220;A.Z. MONICA;ANTWERPEN;HARMONIESTRAAT 68;2018;ANTWERPEN-1;03/240.20.20;;N;V;Antwerpen;Antwerpen;;;30;;;39;;27;;24;;;;;;;;;81;;;;;;;;;;;201;;;;X;;;;X;;;;X;;;;;X;;;;;;;;X ( Associatie met Universitair Ziekenhuis Antwerpen Edegem 300);;;;;X;X;X;;;;;;X;;;;;;X;;;;;X;X;;;;;;
689;SP;2040;IMELDA  ZIEKENHUIS;;IMELDALAAN 9;2820;BONHEIDEN;015/50.50.11;www.imelda.be;N;V;Antwerpen;Mechelen;Algemeen ziekenhuis;Privaat;30;;;142;;169;20;69;;;;;;32;;;;20;;20;;;;;;;;502;;;;X;X (1);X (Associatie PET-CT Centrum Vesalius);;X;;;;X;X;;;X;X;;;;;X;;;;X;X;;X;X;X;X;X;X;;X;;X;X;X;X;;;;X;X;;X;X;X;;;;;;
706;SP;3340;CLINIQUE ST.-LUC;;RUE SAINT LUC 8;5004;BOUGE;081/20.91.11;www.st-luc-bouge.be;F;W;Namur;Namur - Dinant;Hôpital général;Privé;30;;;120;32;90;;30;;;;;;;;;;;;;;;;;;;;302;;;;X;X (1);;;;Association avec Cliniques Universitaires St. Luc à Bruxelles (A/403);;;X;X;;;X;X;;Association programme B3 avec CHR de Namur (006);;;;;;;X;;;;X;;;;;;X;;X;;X;;;;;X;;;X;X;X;;;;;;
707;SP;3860;CENTRE HOSPITALIER UNIVERSITAIRE DE LIEGE - SART TILMAN;SART-TILMAN;DOM.UNIV. SART-TILMAN BAT.35;4000;LIEGE-1 (SART-TILMAN);04/242.52.00;www.chuliege.be;F;W;Liège;Liège;Hôpital universitaire;Public;30;;;272;42;281;;;;;;;;;;;;;;;;;;;;;;625;1038;;;X;X (2);X (2);X;X;X;X;X;X;X;;;X;X;X;;;;;;;;X;X;;;;;;;;;X;;X;X;X;;;;;X;;;X;X;X;X;;;;;
707;SS;2840;CENTRE HOSPITALIER UNIVERSITAIRE DE LIEGE - SART TILMAN;NOTRE-DAME DES BRUYERES;RUE DE GAILLARMONT 600;4032;CHENEE;04/242.52.00;;F;W;Liège;Liège;;;;;;72;7;46;23;60;;;;;;25;;20;;;;;;;;;;;;253;;;;X;X (1);;;;;;;;;;;;;;;;;;;;;;;;X;X;;;;;;;;X;;;X;;;;X;X;;;X;;;;;;;
707;SS;3870;CENTRE HOSPITALIER UNIVERSITAIRE DE LIEGE - SART TILMAN;OURTHE-AMBLEVE;RUE GRANDFOSSE 31-33;4130;ESNEUX;04/242.52.00;;F;W;Liège;Liège;;;;;;;;;;;;;;;;;;;20;20;;;;;;;;;;40;;;;;;;;;;;;;;;;;;;;;;;;;;;;;;;;;;;;;;;;;;;;;;;;;;;;;;;;
707;SS;2350;CENTRE HOSPITALIER UNIVERSITAIRE DE LIEGE - SART TILMAN;CNRF;CHAMPS DES ALOUETTES 30;4557;FRAITURE-EN-CONDROZ;085/51.91.11;;F;W;Liège;Huy - Waremme;;;;;;;;;;;;;;;;;;;20;100;;;;;;;;;;120;;;;;;;;;;;;;;;;;;;;;;;;;;;;;;;;;;;;;;;;;;;;;;;;;;;;;X (5 lits);;;
709;SP;2690;ALGEMEEN ZIEKENHUIS  ST.-DIMPNA;;J.B. STESSENSSTRAAT 2;2440;GEEL;014/57.77.77;www.ziekenhuisgeel.be;N;V;Antwerpen;Geel;Algemeen ziekenhuis;Openbaar;;;;81;;100;15;45;;;;;;23;;;30;;;;;;;;;;;294;;De 30 S2- bedden worden uitgebaat in associatie met het Heilig Hartziekenhuis, Mol;;X;X (1);;;;;;;X;;;;;X;;Associatie met UZ Antwerpen, Edegem m.b.t. het cardiale zorgprogramma B3 en met de GZA- Ziekenhuizen, Wilrijk & Monica, Deurne voor het deelprogramma B1-B2;;;;;;;X;X;;X;X;X;X;X;X;;X;;X;X;;X;;;;X;X;;X;X;;;;;;;
710;SP;3450;ALGEMEEN ZIEKENHUIS KLINA V.Z.W.;KLINA;AUGUSTIJNSLEI 100;2930;BRASSCHAAT;03/650.50.50;www.klina.be;N;V;Antwerpen;Voorkempen;Algemeen ziekenhuis;Privaat;50;;;157;;138;18;48;;;;;;40;;;;;;;;;;;;;;451;581;;;X;X (1);Associatie met ZNA (009)- GZA (099) - UZA (300) ;X (Iridium Kankernetwerk Antwerpen);Associatie met A.Z. St. Jozef te Malle ;;;;X;;;;;X;;;;;X;;;;X;X;;X;X;X;X;X;X;;X;;X;X;X;X;;;;X;X;Exploitatie via alternerende werking met ZNA (Jan Palfijn) Antwerpen;X;X;X;;;;;;2019-03-20 00:00:00
710;SS;6050;ALGEMEEN ZIEKENHUIS KLINA V.Z.W.;CODA HOSPICE;BREDABAAN 743;2990;WUUSTWEZEL;;;N;V;Antwerpen;Voorkempen;;;;;;;;;;;;;;;;;;;;;8;;;;;;;;;8;;;;;;;;;;;;;;;;;;;;;;;;;;;;;;;;;;;;;;;;;;;;;;;;;;;;;;;;
710;SS;2450;ALGEMEEN ZIEKENHUIS KLINA V.Z.W.;DE MICK;PAPESTRAAT 30;2930;BRASSCHAAT;03/217.10.11;;N;V;Antwerpen;Voorkempen;;;;;;;;;;;;;;;;;;;56;40;6;20;;;;;;;;122;;;;;;;;;;;;;;;;;;;;;;;;;;;;;;;;;;;;;;;;;;;;;;;;;;;;;X (6 bedden);;;
712;SP;1320;ALGEMEEN ZIEKENHUIS DIEST;STATIESTRAAT;STATIESTRAAT 65;3290;DIEST;013/35.40.11;www.azdiest.be;N;V;Vlaams-Brabant;Diest - Tienen;Algemeen ziekenhuis;Privaat;;;;63;;84;;27;;;;;;;;;;;;;;;;;;;;174;214;;;X;X (1);"Associatie met ""PET-CT Centrum Vesalius"" (Erk. 689)";;;;;;X;;;;;X;;;;;;;;X;;;;;X;X;X;X;X;;X;;X;X;X;;;;;X;X;;X;;X;;;;;;
712;SS;1330;ALGEMEEN ZIEKENHUIS DIEST;HASSELTSESTRAAT;HASSELTSESTRAAT 27-29;3290;DIEST;013/35.40.11;;N;V;Vlaams-Brabant;Diest - Tienen;;;;;;;;;15;;;;;;;25;;;;;;;;;;;;;;40;;;;;;;;;;;;;;;;;;;;;;;;;;;;;X;;;;;;;;;;;;X;;;;;;;;X;;;;;;;
713;SP;1610;ALGEMEEN ZIEKENHUIS JAN PALFIJN;;HENRI DUNANTLAAN 5;9000;GENT;09/224.71.11;www.janpalfijn.be;N;V;Oost-Vlaanderen;Gent - Eeklo;Algemeen ziekenhuis;Openbaar;30;;;124;;106;21;122;;;;;;38;;29;;27;6;;23;;;;;;;526;;;;X;X (1);Associatie met PET-CT Centrum zorgregio Gent/Eeklo/Deinze;;;;;;X;;;;;X;;;;;;X;;;X;;X;X;X;X;X;X;X;;X;;X;X;X;X;;;;X;X;Exploitatie via alternerende werking met A.Z. St. Lucas Gent;X;X;X;;;;;;2019-03-18 00:00:00
714;SP;3600;ST. FRANCISKUSZIEKENHUIS;;PASTOOR PAQUAYLAAN 129;3550;HEUSDEN;011/71.50.00;www.sfz.be;N;V;Limburg;Hasselt - Genk;Algemeen ziekenhuis;Privaat;35;8;2;82;;58;15;48;;;;;;20;;;;;;;;;;;;;;268;;De dienst neuro-psychiatrie (A- bedden, A1- plaatsen en A2- bedden) wordt uitgebaat in associatie met het St. Franciscusziekenhuis te Heusden-Zolder;;X;X (1);Associatie met Limburgs PET-centrum (243 en 371);;;;;;X;;;;;X;;;;;;;;X;;;;X;X;X;X;X;X;;X;;X;X;;X;;;;X;X;;X;X;X;;;;;;
715;SP;3650;ST. TRUDO ZIEKENHUIS;;DIESTERSTEENWEG 100;3800;SINT-TRUIDEN;011/69.91.11;www.sint-trudo.be;N;V;Limburg;Sint-Truiden - Tongeren;Algemeen ziekenhuis;Privaat;;;;93;;95;15;72;;;;;;15;;;20;;;;;;;;;;;310;;;;X;X (1);Associatie met Limburgs PET-centrum (243 en 371);;X;;;;X;;;;;X;;;;;;;;;X;;;X;X;X;X;X;X;;X;;X;X;X;X;;;;X;X;;X;X;X;;;;;;
716;SP;3670;ALGEMEEN ZIEKENHUIS VESALIUS;TONGEREN;HAZELEREIK 51;3700;TONGEREN;012/39.61.11;www.azvesalius.be;N;V;Limburg;Sint-Truiden - Tongeren;Algemeen ziekenhuis;Openbaar;;;;76;;83;15;77;;;;;;15;;;30;;6;24;;;;;;;;326;326;;;X;X (1);Associatie met Limburgs PET-centrum (243 en 371);;;;;;X;;;;;X;;;;;;;;X;;;;X;X;X;X;X;X;;X;;X;;X;X;;;;X;X;;X;X;X;;;;;;
716;SS;3680;ALGEMEEN ZIEKENHUIS VESALIUS;ST. MARTINUS;HOSPITAALSTRAAT 15;3740;BILZEN;089/41.01.11;;N;V;Limburg;Sint-Truiden - Tongeren;;;;;;;;;;;;;;;;;;;;;;;;;;;;;;0;;;;X;;;;;;;;;;;;;;;;;;;;;X;;;;;;;;;;;;;;;;;;;;;;;;X;;;;;;;
717;SP;6120;ZIEKENHUIS MAAS EN KEMPEN ;;DIESTERSTEENWEG 425;3680;MAASEIK;089/50.50.50;www.zmk.be;N;V;Limburg;Lommel - Maaseik;Algemeen ziekenhuis;Privaat;;;;50;;57;15;48;;;;;;23;;;20;;;;;;;;;;;213;;Associatie mbt. de gezamelijke exploitatie van 20 bedden S2 (locomotorische aandoeningen) met Mariaziekenhuis Noord-Limburg te Overpelt (719);;X;;Associatie met Limburgs PET-centrum (243 en 371);;;;;;X;;;;;X;;;;;;;;X;;;;X;X;X;X;X;X;;X;;X;X;X;X;;;;X;X;;X;X;X;;;;;;
718;SP;3130;CENTRE HOSPITALIER UNIVERSITAIRE DE CHARLEROI;HOPITAL CIVIL MARIE CURIE;CHAUSSE DE BRUXELLES 140;6042;LODELINSART;071/92.12.11;www.chu-charleroi.be;F;W;Hainaut;Charleroi;Hôpital général à caractère universitaire;Public;30;;;109;135;161;27;24;;;;;;38;15;;;;;;;;;;;;;539;830;;;X;X (1);;;X;Association avec CHU de Liège (A/707) et Hôpital Erasme à Bruxelles (A/406);;;X;X;;;X;X;;;;;X;;;;X;X;;X;X;;;;;;X;Association avec C.H.U. A. Vésale, Montigny-Le-Tilleul (A/325);X;X;X;X;;;;X;X;;X;X (site Châtelet et site Espace Santé);X;;;;;;
718;SS;3140;CENTRE HOSPITALIER UNIVERSITAIRE DE CHARLEROI;VINCENT VAN GOGH -MARCHIENNE;RUE DE L'HOPITAL 55;6030;MARCHIENNE-AU-PONT;071/92.14.11;;F;W;Hainaut;Charleroi;;;161;30;;;;;;;;15;5;;;;;;;;;;80;;;;;;;291;;;;;;;;;;;;;;;;;;;;;;;;;;;;;;;;;;;;;;;;;;;;;;;;;;;;;;;;
719;SP;3615;MARIAZIEKENHUIS NOORD-LIMBURG;;MAESENSVELD 1;3900;OVERPELT;011/82.60.00;www.mznl.be;N;V;Limburg;Lommel - Maaseik;Algemeen ziekenhuis;Privaat;45;8;;100;;90;15;48;;;;;;21;;;;;6;;;;;;;;;333;;Associatie met Ziekenhuis Maas en Kempen Maaseik (717) betreffende gezamelijke exploitatie van 20 Sp- bedden locomotorische aandoeningen;;X;X (1);Associatie met Limburgs PET-centrum (243 en 371);;;;;;X;;;;;X;;;;;;;;;X;;X;X;X;X;X;X;X;;X;;X;X;X;X;;;;X;X;;X;X;X;;;;;;
722;SP;2500;FOYER HORIZON;CENTRE DE SOINS ST. JOSEPH;RUE DE LA CLINIQUE 24;4850;MORESNET;087/78.90.04;www.inago.be;F;W;Liège;Verviers;Hôpital général;Public;;;;;;;;;;;;;;;;;;;6;;;;;;;;;6;;;;;;;;;;;;;;;;;;;;;;;;;;;;;;;;;;;;;;;;;;;;;;;;;;;;;;;;
723;SP;1470;CENTRE HOSPITALIER INTERREGIONAL EDITH CAVELL (SARE);CLINIQUE STE. ANNE - ST. REMI;BD. J. GRAINDOR 66;1070;BRUXELLES--7;02/434.31.11;www.chirec.be;B;B;Brussel-Bruxelles;Bruxelles - Brussel;Algemeen ziekenhuis - Hôpital général;Privaat - Privé;52;12;;30;70;30;15;48;;;;;;26;;;44;;;;;;;;;;;327;614;;;X;X (1);;;;Association avec Cliniques Universitaires St. Luc à Bruxelles (A/403);;;X;;;;;X;;;;;;;;X;;;X;X;X;;;;;;X;;X;X;X;X;;;;X;;;X;X;X;;X;;;;
723;SS;1770;CENTRE HOSPITALIER INTERREGIONAL EDITH CAVELL (SARE);BASILIQUE;RUE PANGAERT 37-47;1083;BRUXELLES--8;02/434.21.11;;B;B;Brussel-Bruxelles;Bruxelles - Brussel;;;;;;;;;;;;;;;;;;;;;;;;;;;;;;0;;;;;;;;;;;;X;;;;;;;;;;;;;X;;;;;;;;;;;;;;;;;;;;;;;;X;X;;X;;;;
723;SS;1760;CENTRE HOSPITALIER INTERREGIONAL EDITH CAVELL (SARE);BRAINE - L'ALLEUD;RUE WAYEZ 35;1420;BRAINE-L'ALLEUD;02/434.91.11;;F;W;Brabant Wallon;Brabant Wallon;;;;;;60;106;30;15;24;;;;;;30;;;22;;;;;;;;;;;287;;;;X;X (1);;;;;;;X;;;;;X;;;;;;X;;X;;;X;X;;;;;;;;;X;;X;X;;;;X;X;;;X;;;;;;;
724;SP;1910;CENTRE HOSPITALIER EPICURA;ATH;RUE MARIA THOMEE 1;7800;ATH;068/26.21.11;www.epicura.be;F;W;Hainaut;Ath - Soignies;Hôpital général à caractère universitaire;Privé;5;;;36;33;77;18;48;;;;;;20;;;;;;;;;;;;;;237;;Les 5 lits A exploité en association avec C.H. Epicura Hornu (A/410);;X;X (1);Association avec CHWAPI Tournai (534);;;;;;X;;;;;X;;;;;;;;;X;;;X;X;;;;;;X;;X;X;X;X;;;;X;X;;X;X;;;;;;;
724;SS;3070;CENTRE HOSPITALIER EPICURA;BELOEIL;RUE D'ATH 19;7970;BELOEIL;069/68.27.11;;F;W;Hainaut;Ath - Soignies;;;;;;;;;;;;;;;;;;;;;;;;;;;;;;0;;;;;;;;;;;;;;;;;;;;;;;;;;;;;;;;;;;;;;;;;;;;;;;;;X;;;;;;;
900;SP;3890;PSYCHIATRISCH CENTRUM DR. GUISLAIN;DR. GUISLAIN;FRANCISCO FERRERLAAN 88 A;9000;GENT;09/216.33.11;www.guislain.be;N;V;Oost-Vlaanderen;Gent - Eeklo;Psychiatrisch ziekenhuis;Privaat;30;11;;;;;;;;;;;;;;;;;;;27;56;27;1;;;20;172;311;"Van de 56 T- bedden zijn er 10 T- bedden uit exploitatie genomen in functie van het project 107 ""Gent-Eeklo""";;;;;;;;;;;;;;;;;;;;;;;;;;;;;;;;;;X;;;;;;;;;;;;;;;;;;;;
900;SS;2230;PSYCHIATRISCH CENTRUM DR. GUISLAIN;SINT-ALFONS;ST.-JULIAANSTRAAT 1;9000;GENT;09/243.55.55;;N;V;Oost-Vlaanderen;Gent - Eeklo;;;40;4;5;;;;;;;;;;;;;;;;;;;61;9;;;;;119;;"Van de 61 T- bedden zijn er 10 T- bedden uit exploïtatie genomen in functie van het project 107 ""Gent-Eeklo""";;;;;;;;;;;;;;;;;;;;;;;;;;;;;;;;;;;;;;;;;;;;;;;;;;;;;;
900;SS;3891;PSYCHIATRISCH CENTRUM DR. GUISLAIN;DE DEYNE;EBERGISTE DE DEYNESTRAAT 2;9000;GENT;09/385.77.62;;N;V;Oost-Vlaanderen;Gent - Eeklo;;;;;;;;;;;;15;3;2;;;;;;;;;;;;;;;;20;;;;;;;;;;;;;;;;;;;;;;;;;;;;;;;;;;;;;;;;;;;;;;;;;;;;;;;;
901;SP;2190;KLINIEK ST. JOZEF;;BOTERSTRAAT 6;8740;PITTEM;051/46.70.41;www.sintjozefpittem.be;N;V;West-Vlaanderen;Roeselare;Psychiatrisch ziekenhuis;Privaat;90;5;5;;;;;;;20;1;6;;;;;;;;;;60;5;5;;;;197;;"Van de 5 A2- bedden, 60 T- bedden en 5 T2- bedden zijn er 4 A2- bedden, 15 T- bedden en 5 T2- bedden uit exploitatie genomen in functie van het project 107 ""PRIT Samenwerkingsverband GGZ Midden West-Vlaanderen""";De 20 K- bedden, 1 K(d)- plaats en 6 k(n)- bedden worden uitgebaat in functie van de associatie regio Ieper - Roeselare - Pittem;;;;;;;;;;;;;;;;;;;;;;;;;;;;;;;;;X;;;;;;;;;;;;;;;;;;;;
902;SP;2510;PSYCHIATRISCH CENTRUM MULTIVERSUM;ALEXIANEN;PROVINCIESTEENWEG 408;2530;BOECHOUT;03/455.75.31;www.multiversum.care;N;V;Antwerpen;Lier;Psychiatrisch ziekenhuis;Privaat;58;20;5;;;;;;;;;;;;;;;;;;;115;21;5;;;9;233;591;"Van de 115 T- & 5 T2- bedden worden er 6 T- & 2 T2- bedden uit exploitatie genomen in functie van het project 107 ""SarA - Netwerk GGZ Antwerpen"".";;;;;;;;;;;;;;;;;;;;;;;;;;;;;;;;;;X;;;;;;;;;;;;;;;;;;;;
902;SS;2560;PSYCHIATRISCH CENTRUM MULTIVERSUM;AMEDEUS;DEURNESTRAAT 252;2640;MORTSEL;03/440.68.50;;N;V;Antwerpen;Antwerpen;Psychiatrisch ziekenhuis;Privaat;95;10;5;;;;;;;;;;;;;;;;;;21;166;28;10;;;23;358;;"Van de 166 T- bedden worden er 20 T- bedden uit exploitatie genomen in functie van het project 107 ""SarA - Netwerk GGZ Antwerpen"".";;;;;;;;;;;;;;;;;;;;;;;;;;;;;;;;;;;;;;;;;;;;;;;;;;;;;;
904;SP;3990;CENTRE PSYCHIATRIQUE ST.-BERNARD;;RUE JULES EMPAIN 43;7170;MANAGE;064/54.14.09;www.cp-st-bernard.be;F;W;Hainaut;La Louvière;Hôpital psychiatrique;Privé;90;5;1;;;;;;;;;;;;;;;;;;21;163;10;1;;;;291;;;;;;;;;;;;;;;;;;;;;;;;;;;;;;;;;;;;X;;;;;;;;;;;;;;;;;;;;2019-03-14 00:00:00
905;SP;4020;HOPITAL PSYCHIATRIQUE ST.-CHARLES;;RUE DU CHAUCHOIR 45;7620;WEZ-VELVAIN;069/89.12.80;www.acis-group.org;F;W;Hainaut;Tournai - Mouscron;Hôpital psychiatrique;Privé;34;;;;;;;;;;;;;;;;;;;;;10;;;;;;44;;10 lits T sont gelés pour le projet 107;;;;;;;;;;;;;;;;;;;;;;;;;;;;;;;;;;X (dépôt de médicaments);;;;;;;;;;;;;;;;;;;;
908;SP;4060;"CENTRE HOSPITALIER SPECIALISE  "" L'ACCUEIL""";;RUE DU DOYARD 15;4990;LIERNEUX;080/29.21.11;www.isosl.be;F;W;Liège;Verviers;Hôpital psychiatrique;Public;120;24;;;;;;;;;;;;;;;;;;;30;119;6;6;18;90;;413;;15 lits T sont gelés pour le projet 107;;;;;;;;;;;;;;;;;;;;;;;;;;;;;;;;;;X;;;;;;;;;;;;;;;;;;;;
909;SP;4090;OPENBAAR PSYCHIATRISCH ZORGCENTRUM REKEM;;DAALBROEKSTRAAT 106;3621;REKEM;089/22.22.22;www.opzcrekem.be;N;V;Limburg;Hasselt - Genk;Psychiatrisch ziekenhuis;Openbaar;60;13;1;;;;;;;;;;;;;;;;;;;109;25;;;;80;288;;"Van de 109 T- bedden zijn er 30 T- bedden uit exploitatie genomen in functie van het project 107 ""Noolim""";;;;;;;;;;;;;;;;;;;;;;;;;;;;;;;;;;X;;;;;;;;;;;;;;;;;;;;
911;SP;3950;P.C. ST.-FRANCISCUS - DE PELGRIM;ST. FRANCISCUS;PENITENTENLAAN  7;9620;ZOTTEGEM;09/364.46.46;www.pzsfz.be;N;V;Oost-Vlaanderen;Oudenaarde;Psychiatrisch ziekenhuis;Privaat;;;;;;;;;;;;;;;;;;;;;;;43;;;;;43;223;;;;;;;;;;;;;;;;;;;;;;;;;;;;;;;;;;;X;;;;;;;;;;;;;;;;;;;;
911;SS;3951;P.C. ST.-FRANCISCUS - DE PELGRIM;;PENITENTENLAAN  22;9620;ZOTTEGEM;09/364.46.46;;N;V;Oost-Vlaanderen;Oudenaarde;;;30;;;;;;;;;;;;;;;;;;;;25;60;;5;;;;120;;;;;;;;;;;;;;;;;;;;;;;;;;;;;;;;;;;;;;;;;;;;;;;;;;;;;;;;
911;SS;4180;P.C. ST. FRANCISCUS - DE PELGRIM;DE PELGRIM;SPIEGEL 15;9860;OOSTERZELE;09/362.69.11;;N;V;Oost-Vlaanderen;Gent - Eeklo;;;60;;;;;;;;;;;;;;;;;;;;;;;;;;;60;;;;;;;;;;;;;;;;;;;;;;;;;;;;;;;;;;;;;;;;;;;;;;;;;;;;;;;;
912;SP;4170;CENTRE NEUROLOGIQUE WILLIAM LENNOX;;ALLEE DE CLERLANDE 6;1340;OTTIGNIES;010/43.02.11;www.cnwl.be;F;W;Brabant Wallon;Brabant Wallon;Hôpital psychiatrique;Privé;91;;;;;;;;;50;18;;;;;;;;;;;;;;;;;159;;;;;;;;;;;;;;;;;;;;;;;;;;;;;;;;;;;;X;;;;;;;;;;;;;;;;;X (6 lits);;;
915;SP;3740;"""LA PETITE MAISON"" A.C.I.S.";;RUE DES ACACIAS 10;1450;CHASTRE;010/65.39.50;;F;W;Brabant Wallon;Brabant Wallon;Hôpital psychiatrique;Privé;;;;;;;;;;56;7;;;;;;;;;;;;;;;;;63;;;;;;;;;;;;;;;;;;;;;;;;;;;;;;;;;;;;;;;;;;;;;;;;;;;;;;;;
916;SP;3750;"""LE BIVOUAC""";;SQUARE DES HEROS 5;1180;BRUXELLES;02/373.95.90;;B;B;Brussel-Bruxelles;Bruxelles - Brussel;Psychiatrisch ziekenhuis - Hôpital psychiatrique;Privaat - Privé;;;;;;;;;;;;;;;;;;;;;;;20;;;;;20;;;;;;;;;;;;;;;;;;;;;;;;;;;;;;;;;;;;;;;;;;;;;;;;;;;;;;;;
918;SP;3930;PSYCHIATRISCH CENTRUM ST.HIERONYMUS;;DALSTRAAT 84;9100;SINT-NIKLAAS;03/776.00.41;www.hieronymus.be;N;V;Oost-Vlaanderen;Sint-Niklaas;Psychiatrisch ziekenhuis;Privaat;30;25;5;;;;;;;;;;;;;;;;;;;100;25;5;;;30;220;;;;;;;;;;;;;;;;;;;;;;;;;;;;;;;;;;;;X;;;;;;;;;;;;;;;;;;;;
922;SP;3970;CLINIQUE NEUROPSYCHIATRIQUE DE BONSECOURS;;AVENUE DE LA BASILIQUE 16;7603;BONSECOURS;069/77.20.04;www.cliniquedebonsecours.be;F;W;Hainaut;Tournai - Mouscron;Hôpital psychiatrique;Privé;71;;;;;;;;;;;;;;;;;;;;;;;;;;;71;;;;;;;;;;;;;;;;;;;;;;;;;;;;;;;;;;;;X;;;;;;;;;;;;;;;;;;;;
923;SP;2590;CENTRE HOSPITALIER LE DOMAINE;;CHEMIN JEAN LANNEAU 39;1420;BRAINE-L'ALLEUD;02/384.25.93;www.ulb.ac.be/assoc/chorus/domaine;F;W;Brabant Wallon;Brabant Wallon;Hôpital psychiatrique;Public;30;;;;;;;;;15;;;;;;;;;;;;98;;;;;;143;;;;;;;;;;;;;;;;;;;;;;;;;;;;;;;;;;;;X;;;;;;;;;;;;;;;;;;;;
925;SP;4040;C.H.S. NOTRE DAME DES ANGES ;;RUE E. VANDERVELDE 67;4000;GLAIN;04/224.72.11;www.cnda.be;F;W;Liège;Liège;Hôpital psychiatrique;Privé;77;30;2;;;;;;;;;;;;;;;;;;;105;;;;;;214;;30 lits T sont gelés pour le project 107;;;;;;;;;;;;;;;;;;;;;;;;;;;;;;;;;;X;;;;;;;;;;;;;;;;;;;;
926;SP;2640;CLINIQUE SANS SOUCI;;AVENUE DE L'EXPOSITION 218;1090;BRUXELLES--9;02/478.04.33;www.sans-souci.be;B;B;Brussel-Bruxelles;Bruxelles - Brussel;Psychiatrisch ziekenhuis - Hôpital psychiatrique;Privaat - Privé;45;;;;;;;;;;;;;;;;;;;;;80;10;10;;;;145;;;;;;;;;;;;;;;;;;;;;;;;;;;;;;;;;;;;;;;;;;;;;;;;;;;;;;;;
927;SP;3770;PARHELIE ASBL;;AVENUE JACQUES PASTUR 45;1180;BRUXELLES-18;02/373.82.10;;F;B;Brussel-Bruxelles;Bruxelles - Brussel;Psychiatrisch ziekenhuis - Hôpital psychiatrique;Privaat - Privé;;;;;;;;;;10;24;;;;;;;;;;;;;;;;;34;;;;;;;;;;;;;;;;;;;;;;;;;;;;;;;;;;;;;;;;;;;;;;;;;;;;;;;;
930;SP;3920;KARUS;SINT- DENIJS-WESTREM;BEUKENLAAN 20;9051;SINT-DENIJS-WESTREM;09/222.58.94;www.karus.be;N;V;Oost-Vlaanderen;Gent - Eeklo;Psychiatrisch ziekenhuis;Privaat;116;6;;;;;;;;;;;;;;;;;;;;42;16;2;;;;182;;"Van de 6 A1- plaatsen, 42 T- bedden en 16 T1- plaatsen zijn er 2 A1- plaatsen, 13 T- bedden en 5 T1- plaatsen uit exploitatie genomen in functie van het project 107 ""Gent-Eeklo""";;;;;;;;;;;;;;;;;;;;;;;;;;;;;;;;;;X;;;;;;;;;;;;;;;;;;;;2019-03-27 00:00:00
935;SP;2130;EPSYLON Asbl;LA RAMEE;AVENUE DE BOETENDAEL 34;1180;BRUXELLES-18;02/344.18.94;www.epsylon.be;B;B;Brussel-Bruxelles;Bruxelles - Brussel;Psychiatrisch ziekenhuis - Hôpital psychiatrique;Privaat - Privé;85;;;;;;;;;15;;;;;;;;;;;;;;;;;;100;;;;;;;;;;;;;;;;;;;;;;;;;;;;;;;;;;;;X;"Association ""Epsypharma"" Fond'Roy - La Ramée - Area+";;;;;;;;;;;;;;;;;;;
937;SP;2570;PSYCHIATRISCH ZIEKENHUIS BETHANIENHUIS;ZOERSEL;ANDREAS VESALIUSLAAN 39;2980;ZOERSEL;03/380.30.11;www.pzbethanienhuis.be;N;V;Antwerpen;Voorkempen;Psychiatrisch ziekenhuis;Privaat;166;30;;;;;;;16;;;;;;;;;;;;21;215;60;19;;;50;577;621;;;;;;;;;;;;;;;;;;;;;;;;;;;;;;;;;;;;Associatie met AZ St. Jozef Malle (536);;;;;;;;;;;;;;;;;;;
937;SS;2571;PSYCHIATRISCH ZIEKENHUIS BETHANIENHUIS;ELIM;JAGERSDREEF 100;2950;KAPELLEN;03/317.11.00;www.elim.be;N;V;Antwerpen;Antwerpen;;;44;;;;;;;;;;;;;;;;;;;;;;;;;;;44;;;;;;;;;;;;;;;;;;;;;;;;;;;;;;;;;;;;;;;;;;;;;;;;;;;;;;;;
938;SP;3790;"CPI ""LES GOELANDS""";;RUE HAUTE 46;5190;SPY;071/78.79.04;;F;W;Namur;Namur - Dinant;Hôpital psychiatrique;Privé;;;;;;;;;;25;;;;;;;;;;;;;;;;;;25;;Les 25 lits K exploité en association avec Hôpital Psychiatrique du Beau-Vallon à Saint-Servais (955);;;;;;;;;;;;;;;;;;;;;;;;;;;;;;;;;;;;;;;;;;;;;;;;;;;;;;2019-02-05 00:00:00
939;SP;2540;OPENBAAR PSYCHIATRISCH ZORGCENTRUM GEEL;;DR. SANODREEF 4;2440;GEEL;014/57.91.11;www.opzgeel.be;N;V;Antwerpen;Geel;Psychiatrisch ziekenhuis;Openbaar;88;30;;;;;;;;16;4;;;;;;;;;;21;117;10;;81;350;30;747;;109 bedden zijn uit exploitatie genomen in functie van het project 107 (94 T- bedden en 15 Tf- bedden);;;;;;;;;;;;;;;;;;;;;;;;;;;;;;;;;;X;;;;;;;;;;;;;;;;;;;;
941;SP;4010;GRAND HOPITAL DE CHARLEROI;CPJ CHARLES-ALBERT FRERES;RUE DE NALINNES 650;6001;MARCINELLE;071/43.16.89;www.ghdc.be;F;W;Hainaut;Charleroi;Hôpital psychiatrique;Privé;;;;;;;;;;;36;;;;;;;;;;;;;;;;;36;;Groupement avec Grand Hôpital de Charleroi (N° d'agrément 010);;;;;;;;;;;;;;;;;;;;;;;;;;;;;;;;;;X (dépôt de médicaments);;;;;;;;;;;;;;;;;;;;2019-03-06 00:00:00
942;SP;2600;PSYCHIATRISCH  ZIEKENHUIS ST. ANNENDAEL;;VESTENSTRAAT 1;3290;DIEST;013/38.05.11;www.sad.be;N;V;Vlaams-Brabant;Diest - Tienen;Psychiatrisch ziekenhuis;Privaat;40;5;;;;;;;;;;;;;;;;;;;;40;43;20;;;30;178;;;;;;;;;;;;;;;;;;;;;;;;;;;;;;;;;;;;X;;;;;;;;;;;;;;;;;;;;
943;SP;2610;UPC KU LEUVEN;KORTENBERG;LEUVENSESTEENWEG 517;3070;KORTENBERG;02/758.05.11;www.upckuleuven.be;N;V;Vlaams-Brabant;Leuven;Psychiatrisch ziekenhuis;Privaat;163;15;10;;;;;;;20;;10;;;;;;;;;52;151;33;27;;;;481;596;"Van de 151 T- bedden zijn er 50 T- bedden uit exploitatie genomen in functie van het project 107 ""Transmurale Zorg Leuven en tervuren""";;;;;;;;;;;;;;;;;;;;;;;;;;;;;;;;;;X;;;;;;;;;;;;;;;;;;;;
943;SS;4230;UPC KU LEUVEN;GASTHUISBERG;HERESTRAAT 49;3000;LEUVEN;016/33.22.11;;N;V;Vlaams-Brabant;Leuven;;Privaat;90;25;;;;;;;;;;;;;;;;;;;;;;;;;;115;;;;;;;;;;;;;;;;;;;;;;;;;;;;;;;;;;;;;;;;;;;;;;;;;;;;;;;;
944;SP;2620;PSYCHIATRISCHE ZIEKENHUIS ST.-ALEXIUS;;GRIMBERGSESTEENWEG 40;1850;GRIMBERGEN;02/270.93.30;www.alexiusgrimbergen.be;N;V;Vlaams-Brabant;Vilvoorde - Dilbeek;Psychiatrisch ziekenhuis;Privaat;42;1;1;;;;;;;;;;;;;;;;;;20;76;24;5;;;;169;;"Van de 76 T- bedden en 5 T2- bedden zijn er 14 T- bedden en 3 T2- bedden uit exploitatie genomen in functie van het project 107 ""Netwerk GZZ Halle - Vilvoorde-Brussel""";;;;;;;;;;;;;;;;;;;;;;;;;;;;;;;;;;X;;;;;;;;;;;;;;;;;;;;
946;SP;2670;CENTRE HOPITALIER JEAN TITECA;;RUE DE LA LUZERNE 11;1030;BRUXELLES--3;02/735.01.60;www.chjt.be;B;B;Brussel-Bruxelles;Bruxelles - Brussel;Psychiatrisch ziekenhuis - Hôpital psychiatrique;Privaat - Privé;65;;;;;;;;16;8;3;1;;;;;;;;;;162;;;;;;255;;;;;;;;;;;;;;;;;;;;;;;;;;;;;;;;;;;;;;;;;;;;;;;;;;;;;;;;
947;SP;2680;PSYCHIATRISCHE KLINIEK  BROEDERS ALEXIANEN;LIEFDESTRAAT ;LIEFDESTRAAT 10;3300;TIENEN;016/80.75.11;www.alexianentienen.be;N;V;Vlaams-Brabant;Diest - Tienen;Psychiatrisch ziekenhuis;Privaat;90;;8;;;;;;;15;3;2;;;;;;;;;20;73;35;2;;;;248;300;"Van de 73 T- bedden zijn er 10 T- bedden uit exploitatie genomen in functie van het project 107 ""Leuven & Tervuren""";;;;;;;;;;;;;;;;;;;;;;;;;;;;;;;;;;X;;;;;;;;;;;;;;;;;;;;
947;SS;3780;PSYCHIATRISCHE KLINIEK  BROEDERS ALEXIANEN;MECHELSESTRAAT ;MECHELSESTRAAT 84;3000;LEUVEN;016/23.89.60;;N;V;Vlaams-Brabant;Leuven;Psychiatrisch ziekenhuis;Privaat;;30;22;;;;;;;;;;;;;;;;;;;;;;;;;52;;;;;;;;;;;;;;;;;;;;;;;;;;;;;;;;;;;;;;;;;;;;;;;;;;;;;;;;
948;SP;2120;EPSYLON Asbl;FOND'ROY;AVENUE J. PASTUR 49;1180;BRUXELLES-18;02/375.44.93;www.epsylon.be;B;B;Brussel-Bruxelles;Bruxelles - Brussel;Psychiatrisch ziekenhuis - Hôpital psychiatrique;Privaat - Privé;102;38;;;;;;;;;;;;;;;;;;;;32;;;;;;172;;;;;;;;;;;;;;;;;;;;;;;;;;;;;;;;;;;;X;"Association ""Epsypharma"" Fond'Roy - La Ramée - Area+";;;;;;;;;;;;;;;;;;;
949;SP;3840;"""FEUX FOLLETS""";;PLACE QUINET 27;6220;WANGENIES;071/82.32.70;;F;W;Hainaut;Charleroi;Hôpital psychiatrique;Privé;;;;;;;;;;;;20;;;;;;;;;;;;;;;;20;;Les 20 lits k(n) exploité en association avec CH Jolimonts Nivelles (346) et Clinique Notre-Dame de Grâce Gosselies (409);;;;;;;;;;;;;;;;;;;;;;;;;;;;;;;;;;;;;;;;;;;;;;;;;;;;;;2019-03-22 00:00:00
950;SP;3980;HOPITAL PSYCHIATRIQUE ST.-JEAN DE DIEU;;AVENUE DE LOUDUN 126;7900;LEUZE (HT);069/67.20.20;www.acis-group.org;F;W;Hainaut;Tournai - Mouscron;Hôpital psychiatrique;Privé;123;10;;;;;;;;;;;;;;;;;;;;30;;;;;;163;;Les 30 lits T sont gelés (projet 107);;;;;;;;;;;;;;;;;;;;;;;;;;;;;;;;;;X;;;;;;;;;;;;;;;;;;;;
951;SP;4030;C.H. PSYCHIATRIQUE CHENE AUX HAIES;;CHEMIN DU CHENE AU HAIES 24;7000;MONS;065/41.80.00;www.chpchene.be;F;W;Hainaut;Mons;Hôpital psychiatrique;Public;270;39;1;;;;;;;;9;;;;;;;;;;;40;27;3;;;;389;;40 lits T sont gelés (projet 107);;;;;;;;;;;;;;;;;;;;;;;;;;;;;;;;;;X;;;;;;;;;;;;;;;;;;;;2019-03-07 00:00:00
952;SP;4080;MEDISCH CENTRUM ST.-JOZEF;;ABDIJSTRAAT 2;3740;MUNSTERBILZEN;089/50.91.11;www.mc-st-jozef.be;N;V;Limburg;Sint-Truiden - Tongeren;Psychiatrisch ziekenhuis;Privaat;108;25;15;;;;;;;25;5;5;;;;;;;;;40;85;15;7;;;;330;;Van de 85 T- bedden zijn er 30 bedden uit exploitatie genomen in functie van het project 107;;;;;;;;;;;;;;;;;;;;;;;;;;;;;;;;;;X;;;;;;;;;;;;;;;;;;;;
954;SP;4050;CLINIQUE PSYCHIATRIQUE FRERES ALEXIENS;;RUE DU CHÂTEAU DE RUYFF 68;4841;HENRI-CHAPELLE;087/59.32.11;;F;W;Liège;Verviers;Hôpital psychiatrique;Privé;110;15;;;;;;;;;;;;;;;;;;;30;93;10;;;;;258;;;;;;;;;;;;;;;;;;;;;;;;;;;;;;;;;;;;X;;;;;;;;;;;;;;;;;;;;2019-03-07 00:00:00
955;SP;4140;HOPITAL PSYCHIATRIQUE DU BEAU VALLON;;RUE DE BRICGNIOT 205;5002;SAINT-SERVAIS;081/72.11.11;www.beauvallon.be;F;W;Namur;Namur - Dinant;Hôpital psychiatrique;Privé;150;10;;;;;;;;;20;;;;;;;;;;60;116;15;5;;;;376;;Les 150 lits A et 20 places K(jour) exploité en association avec CPI les Goelands Spy (938);;;;;;;;;;;;;;;;;;;;;;;;;;;;;;;;;;X;;;;;;;;;;;;;;;;;;;;
956;SP;2210;PSYCHIATRISCH CENTRUM ST.-JAN;;OOSTVELDSTRAAT 1;9900;EEKLO;09/376.97.11;www.psyeeklo.be;N;V;Oost-Vlaanderen;Gent - Eeklo;Psychiatrisch ziekenhuis;Privaat;33;11;;;;;;;;;;;;;;;;;;;24;95;35;3;;;;201;;;;;;;;;;;;;;;;;;;;;;;;;;;;;;;;;;;;X;;;;;;;;;;;;;;;;;;;;
959;SP;3910;KARUS;MELLE;CARITASSTRAAT 76;9090;MELLE;09/210.69.69;www.karus.be;N;V;Oost-Vlaanderen;Gent - Eeklo;Psychiatrisch ziekenhuis;Privaat;80;20;;;;;;;;;6;;;;;;;;;;20;89;40;3;;;;258;290;"Van de 89 T- bedden en 40 T1- plaatsen zijn er 25 T- bedden en 5 T1- plaatsen uit exploitatie genomen in functie van het project 107 ""Gent-Eeklo""";;;;;;;;;;;;;;;;;;;;;;;;;;;;;;;;;;X;;;;;;;;;;;;;;;;;;;;2019-03-27 00:00:00
959;SS;3911;KARUS;DE KAAP;SALISBURYLAAN 106;9820;MERELBEKE;;;N;V;Oost-Vlaanderen;Gent - Eeklo;;Privaat;;;;;;;;;;24;;8;;;;;;;;;;;;;;;;32;;De 24 K- bedden, 6  k(d)- plaatsen en 8 k(n)- bedden worden uitgebaat in functie van de associatie Kinder- & jeugdpsychiatrie regio Gent, Meetjesland en Zuid-Oost Vlaanderen.;;;;;;;;;;;;;;;;;;;;;;;;;;;;;;;;;;;;;;;;;;;;;;;;;;;;;;
960;SP;3940;ALGEMEEN PSYCHIATRISCH ZIEKENHUIS SINT-LUCIA;ST. LUCIA;ANKERSTRAAT 91;9100;SINT-NIKLAAS;03/760.07.00;www.apzst-lucia.be;N;V;Oost-Vlaanderen;Sint-Niklaas;Psychiatrisch ziekenhuis;Privaat;60;20;;;;;;;;;;;;;;;;;;;35;98;40;5;;;;258;288;;;;;;;;;;;;;;;;;;;;;;;;;;;;;;;;;;;X;;;;;;;;;;;;;;;;;;;;
960;SS;1871;ALGEMEEN PSYCHIATRISCH ZIEKENHUIS SINT-LUCIA;DAGKLINIEK;STATIONSSTRAAT 120;9120;BEVEREN;;;;;;;;;;10;;;;;;;;;;;;;;;;;;;;;20;;;;;30;;10 A1- & 20 T1- plaatsen worden uitgebaat in associatie met AZ Nikolaas, St. Niklaas;;;;;;;;;;;;;;;;;;;;;;;;;;;;;;;;;;;;;;;;;;;;;;;;;;;;;;
961;SP;2160;PSYCHIATRISCH ZIEKENHUIS H.-HART;;POPERINGSEWEG 16;8900;IEPER;057/23.91.11;www.hhartieper.be;N;V;West-Vlaanderen;Ieper;Psychiatrisch ziekenhuis;Privaat;90;30;;;;;;;;;;;;;;;;;;;;127;50;10;;;40;347;;"Van de 127 T- bedden en 10 T2- bedden zijn er 20 T- bedden en 8 T2- bedden uit exploitatie genomen in functie van het project 107 ""Netwerk GGZ Regio Ieper - Diksmuide""";;;;;;;;;;;;;;;;;;;;;;;;;;;;;;;;;;X;;;;;;;;;;;;;;;;;;;;
962;SP;2180;PSYCHIATRISCH CENTRUM O.L.V. VAN VREDE;;BRUGGESTRAAT 75;8930;MENEN;056/52.14.51;www.pc-menen.be;N;V;West-Vlaanderen;Kortrijk;Psychiatrisch ziekenhuis;Privaat;30;4;1;;;;;;;;;;;;;;;;;;;90;75;3;;;30;233;;"Van de 90 T- bedden en 75 T1- plaatsen  zijn 10 T- bedden en 30 T1- plaatsen uit exploitatie genomen in functie van het project 107 ""Noolim""";;;;;;;;;;;;;;;;;;;;;;;;;;;;;;;;;;;Associatie met Az Delta Roeselare (117);;;;;;;;;;;;;;;;;;;
963;SP;2200;PSYCHIATRISCH ZIEKENHUIS ONZE LIEVE VROUW;;KONING ALBERT I  LAAN 8;8200;BRUGGE;050/30.18.00;www.pzolv.be;N;V;West-Vlaanderen;Brugge;Psychiatrisch ziekenhuis;Privaat;135;24;6;;;;;;;;;;;;;;;;;;20;107;50;10;;;60;412;;Van de 107 T- bedden worden 30 bedden uit exploitatie genomen in functie van het project 107;;;;;;;;;;;;;;;;;;;;;;;;;;;;;;;;;;X;Associatie met Psychotherapeutisch Centrum Rustenburg, Brugge (987);;;;;;;;;;;;;;;;;;;
964;SP;4070;"HOPITAL DE JOUR UNIVERSITAIRE ""LA CLE""";;BD DE LA CONSTITUTION 153;4020;LIEGE;04/342.65.96;www.hjulacle.be;F;W;Liège;Liège;Hôpital psychiatrique;Privé;;30;;;;;;;;;;;;;;;;;;;;;;;;;;30;;;;;;;;;;;;;;;;;;;;;;;;;;;;;;;;;;;;;;;;;;;;;;;;;;;;;;;;
970;SP;2530;PSYCHIATRISCH ZIEKENHUIS DUFFEL;;STATIONSTRAAT 22C;2570;DUFFEL;015/30.40.30;www.pz-duffel.be;N;V;Antwerpen;Mechelen;Psychiatrisch ziekenhuis;Privaat;165;15;;;;;;;;;;;;;;;;;;;;330;40;5;;;46;601;;Associatie met het UZA Edegem mbt de gezamelijke exploitatie van 90 A- bedden met korte verblijfsduur gericht op psychose angst en depressie en wachtdienst, deze diensten zijn gevestigd in het PZ St. Norbertus, Duffel. De dienst ambulante consultatie psychiatrie, het universitair forensisch centrum, de crisis- en liaisonpsychiatrie en de psychiatrische wachtdienst zijn gelokaliseerd in het UZA, Wilrijkstraat 10 te 2650 Edegem;;;;;;;;;;;;;;;;;;;;;;;;;;;;;;;;;;X;Associatie met A.Z. St. Maarten te Mechelen (E/026);;;;;;;;;;;;;;;;;;;
972;SP;3810;ISOSL - SANTE MENTALE;PETIT BOURGOGNE;RUE PROFESSEUR MAHAIM 84;4000;LIEGE (SCLESSIN);04/254.77.11;www.isosl.be;F;W;Liège;Liège;Hôpital psychiatrique;Public;118;23;1;;;;;;;;;;;;;;;;;;;139;;;;;;281;440;30 lits T sont gelés pour le project 107;;;;;;;;;;;;;;;;;;;;;;;;;;;;;;;;;;X;;;;;;;;;;;;;;;;;;;;
972;SS;3820;ISOSL - SANTE MENTALE;AGORA;MONTAGNE STE.WALBURGE 4A;4000;LIEGE-1;04/254.77.11;;F;W;Liège;Liège;;;62;20;;;;;;;;;;;;;;;;;;;;33;;;;;;115;;;;;;;;;;;;;;;;;;;;;;;;;;;;;;;;;;;;;;;;;;;;;;;;;;;;;;;;
972;SS;6150;ISOSL - SANTE MENTALE;LOUIS HILLIER;BOULEVARD LOUIS HILLIER 10;4000;LIEGE-1;04/229.27.30;;F;W;Liège;Liège;;;30;10;2;;;;;;;;;;;;;;;;;;;2;;;;;;44;;;;;;;;;;;;;;;;;;;;;;;;;;;;;;;;;;;;;;;;;;;;;;;;;;;;;;;;
974;SP;4000;"CRP ""LES MARRONNIERS""";;RUE DESPARS 94;7500;TOURNAI;069/88.02.11;www.marronniers.be;F;W;Hainaut;Tournai - Mouscron;Hôpital psychiatrique;Public;142;10;;;;;;;16;20;3;;;;;;;;;;30;195;;;;;;416;436;;;;;;;;;;;;;;;;;;;;;;;;;;;;;;;;;;;X;;;;;;;;;;;;;;;;;;;;
974;SS;6130;"CRP ""LES MARRONNIERS""";HOPITAL DE JOUR D'ATH;RUE ISIDORE HOTON 5;7800;ATH;;;F;W;Hainaut;Ath - Soignies;;;;20;;;;;;;;;;;;;;;;;;;;;;;;;;20;;;;;;;;;;;;;;;;;;;;;;;;;;;;;;;;;;;;;;;;;;;;;;;;;;;;;;;;
975;SP;2580;UNIVERSITAIR PSYCHIATRISCH CENTRUM ST.-KAMILLUS;KRIJKELBERG;KRIJKELBERG 1;3360;BIERBEEK;016/45.26.11;www.kamillus.be;N;V;Vlaams-Brabant;Leuven;Psychiatrisch ziekenhuis;Privaat;110;15;5;;;;;;;;;;;;;;;;;;24;151;25;5;;;;335;385;Van de 151 T- bedden en 25 T1- plaatsen zijn er 10 T- bedden en 5 T1- plaatsen uit exploitatie genomen in functie van het project 107;;;;;;;;;;;;;;;;;;;;;;;;;;;;;;;;;;X;;;;;;;;;;;;;;;;;;;;
975;SS;4160;UNIVERSITAIR PSYCHIATRISCH CENTRUM ST.-KAMILLUS;OUDE BAAN;OUDE BAAN 293;3000;LEUVEN;016/23.89.60;;N;V;Vlaams-Brabant;Leuven;Psychiatrisch ziekenhuis;Privaat;;;;;;;;;;;;;;;;;;;;;;;20;30;;;;50;;"Van de 20 T1- plaatsen en 30 T2- bedden zijn er 17 T1- plaatsen en 18 T2- bedden uit exploitatie genomen in functie van het project 107 ""Leuven & Tervuren""";;;;;;;;;;;;;;;;;;;;;;;;;;;;;;;;;;;;;;;;;;;;;;;;;;;;;;
978;SP;3960;PSYCHIATRISCH CENTRUM ST.-JAN BAPTIST;ST. JAN BAPTIST;SUIKERKAAI 81;9060;ZELZATE;09/342.28.28;www.pcsintjanbaptist.be;N;V;Oost-Vlaanderen;Gent - Eeklo;Psychiatrisch ziekenhuis;Privaat;50;5;5;;;;;;;;;;;;;;;;;;30;102;14;1;;;;207;219;;;;;;;;;;;;;;;;;;;;;;;;;;;;;;;;;;;X;Associatie met P.C. Zoete Nood Gods te Lede (E/988);;;;;;;;;;;;;;;;;;;
978;SS;3961;PSYCHIATRISCH CENTRUM ST.-JAN BAPTIST;FORENSISCHE DAGKLINIEK FORD;OOSTKADE 24;9060;ZELZATE;09/342.28.28;;N;V;Oost-Vlaanderen;Gent - Eeklo;;;;;;;;;;;;;;;;;;;;;;;;;12;;;;;12;;;;;;;;;;;;;;;;;;;;;;;;;;;;;;;;;;;;;;;;;;;;;;;;;;;;;;;;
979;SP;2125;EPSYLON Asbl;AREA+;CHAUSSEE ST. JOB 294;1180;BRUXELLES-18;02/431.77.00;www.epsylon.be;F;B;Brussel-Bruxelles;Bruxelles - Brussel;Psychiatrisch ziekenhuis - Hôpital psychiatrique;Privaat - Privé;;;;;;;;;;12;20;8;;;;;;;;;;;;;;;;40;;;;;;;;;;;;;;;;;;;;;;;;;;;;;;;;;;;;X;"Association ""Epsypharma"" Fond'Roy - La Ramée - Area+";;;;;;;;;;;;;;;;;;;
980;SP;5625;L'EQUIPE;CENTRE ADOS;RUE DE VEEWEYDE 47;1070;BRUXELLES--7;02/526.16.40;www.equipe.be;F;B;Brussel-Bruxelles;Bruxelles - Brussel;Psychiatrisch ziekenhuis - Hôpital psychiatrique;Privaat - Privé;;;;;;;;;;;20;;;;;;;;;;;;;;;;;20;;;;;;;;;;;;;;;;;;;;;;;;;;;;;;;;;;;;;;;;;;;;;;;;;;;;;;;;
982;SP;2140;PSYCHIATRISCH CENTRUM ST.-AMANDUS;;REIGERLOSTRAAT 10;8730;BEERNEM;050/79.95.00;www.amandus.be;N;V;West-Vlaanderen;Brugge;Psychiatrisch ziekenhuis;Privaat;110;20;1;;;;;;16;;;;;;;;;;;;54;233;24;1;;;;459;;Van de 262 T- bedden zijn er 30 bedden uit exploitatie genomen in functie van het project 107;;;;;;;;;;;;;;;;;;;;;;;;;;;;;;;;;;X;;;;;;;;;;;;;;;;;;;;
985;SP;4150;VIVALIA - CENTRE UNIVERSITAIRE PSYCHIATRIQUE;HOPITAL PSYCHIATRIQUE DE BERTRIX;RUE DES ARDOISIERES 100;6880;BERTRIX;061/22.17.11;www.vivalia.info;F;W;Luxemburg;Luxembourg;Hôpital psychiatrique;Public;99;;;;;;;;;14;6;;;;;;;;;;;48;16;16;;;;199;;;;;;;;;;;;;;;;;;;;;;;;;;;;;;;;;;;;X;;;;;;;;;;;;;;;;;;;;
986;SP;4120;CENTRE NEUROPSYCHIATRIQUE SAINT-MARTIN;ST. MARTIN;RUE ST.-HUBERT 84;5100;DAVE;081/30.28.86;www.cp-st-martin.be;F;W;Namur;Namur - Dinant;Hôpital psychiatrique;Privé;105;;;;;;;;;;;;;;;;;;;;30;140;;;;;;275;315;30 lits T sont gelés pour le project 107;;;;;;;;;;;;;;;;;;;;;;;;;;;;;;;;;;X;;;;;;;;;;;;;;;;;;;;
986;SS;4121;CENTRE NEUROPSYCHIATRIQUE SAINT-MARTIN;HOPITAL DE JOUR MOSAIQUE;AVENUE DE LA CITADELLE 42;5100;JAMBES;081/31.30.97;;F;W;Namur;Namur - Dinant;;;;5;;;;;;;;;;;;;;;;;;;;;15;;;;;20;;;;;;;;;;;;;;;;;;;;;;;;;;;;;;;;;;;;;;;;;;;;;;;;;;;;;;;;
986;SS;6190;CENTRE NEUROPSYCHIATRIQUE SAINT-MARTIN;HOPITAL DE JOUR KIOSQUE;RUE DE CONDROZ 52;5590;CINEY;081/30.28.86;;F;W;Namur;Namur - Dinant;;;;10;;;;;;;;;;;;;;;;;;;;;10;;;;;20;;;;;;;;;;;;;;;;;;;;;;;;;;;;;;;;;;;;;;;;;;;;;;;;;;;;;;;;
987;SP;2150;"PSYCHO-THERAPEUTISCH CENTRUM ""RUSTENBURG""";;WAGGELWATERSTRAAT 2;8000;BRUGGE;050/31.81.65;www.ptcrustenburg.be;N;V;West-Vlaanderen;Brugge;Psychiatrisch ziekenhuis;Privaat;72;;;;;;;;;;;;;;;;;;;;;;;;;;;72;;;;;;;;;;;;;;;;;;;;;;;;;;;;;;;;;;;;;Associatie met P.Z. Onze Lieve Vrouw, Sint-Michiels-Brugge (E/963);;;;;;;;;;;;;;;;;;;2019-03-07 00:00:00
988;SP;3900;PSYCHIATRISCH ZIEKENHUIS ARIADNE;;REYMEERSSTRAAT 13;9340;LEDE;053/76.21.11;www.pcariadne.be;N;V;Oost-Vlaanderen;Aalst;Psychiatrisch ziekenhuis;Privaat;60;4;1;;;;;;;;;;;;;;;;;;22;69;28;1;;;;185;;Van de 69 T- bedden zijn er 20 bedden uit exploitatie genomen in functie van het project 107;;;;;;;;;;;;;;;;;;;;;;;;;;;;;;;;;;X;Associatie met P.C. St. Jan Baptist te Zelzate (E/978);;;;;;;;;;;;;;;;;;;
989;SP;5080;KINDERPSYCHIATRISCH CENTRUM;;SCHIEPSE BOS 8;3600;GENK;089/32.59.59;www.kpc-genk.be;N;V;Limburg;Hasselt - Genk;Psychiatrisch Ziekenhuis;Privaat;;;;;;;;;;15;11;1;;;;;;;;;;;;;;;;27;;Associatie mbt. de gezamelijke exploitatie van de dienst K, volgende ziekenhuizen maken deel uit van de associatie : Ziekenhuis Oost-Limburg - Genk, Maria Ziekenhuis Noord-Limburg - Overpelt, Psychiatrisch Ziekenhuis Sancta-Maria, St. Truiden en Openbaar Psychiatrisch Zorgcentrum, Rekem ;;;;;;;;;;;;;;;;;;;;;;;;;;;;;;;;;;;;;;;;;;;;;;;;;;;;;;
991;SP;4100;"PSYCHIATRISCH ZIEKENHUIS ""ASSTER""";MELVEREN;MELVERENCENTRUM 111;3800;SINT-TRUIDEN;011/69.06.11;www.asster.be;N;V;Limburg;Sint-Truiden - Tongeren;Psychiatrisch ziekenhuis;Privaat;70;6;9;;;;;;;15;2;3;;;;;;;;;28;65;13;;;;30;241;581;"Van de 65 T- bedden zijn er 30 T- bedden uit exploitatie genomen in functie van het project 107 ""Reling""";;;;;;;;;;;;;;;;;;;;;;;;;;;;;;;;;;X;;;;;;;;;;;;;;;;;;;;
991;SS;4110;"PSYCHIATRISCH ZIEKENHUIS ""ASSTER""";STAD;HALMAALWEG 2;3800;SINT-TRUIDEN;011/78.95.11;;N;V;Limburg;Sint-Truiden - Tongeren;;;137;24;10;;;;;;;;;;;;;;;;;;;124;45;;;;;340;;"Van de 124 T- bedden zijn er 30 T- bedden uit exploitatie genomen in functie van het project 107 ""Reling""";;;;;;;;;;;;;;;;;;;;;;;;;;;;;;;;;;;;;;;;;;;;;;;;;;;;;;
992;SP;2220;PSYCHIATRISCH CENTRUM GENT - SLEIDINGE Vzw;GENT;FRATERSPLEIN 9;9000;GENT;09/225.82.96;www.pcgs.be;N;V;Oost-Vlaanderen;Gent - Eeklo;Psychiatrisch ziekenhuis;Privaat;30;;;;;;;;;;;;;;;;;;;;;65;25;5;;;;125;320;"Van de 65 T- bedden zijn er 5 bedden uit exploitatie genomen in functie van het project 107 ""Gent-Eeklo""";;;;;;;;;;;;;;;;;;;;;;;;;;;;;;;;;;X;;;;;;;;;;;;;;;;;;;;
992;SS;3800;PSYCHIATRISCH CENTRUM GENT - SLEIDINGE Vzw;SLEIDINGE;WESTSTRAAT 135;9940;SLEIDINGE;09/358.04.11;;N;V;Oost-Vlaanderen;Gent - Eeklo;;;90;8;7;;;;;;;;;;;;;;;;;;;45;5;5;;;35;195;;Van de 45 T- & 35 Tg- bedden zijn er 6 T- & 10 Tg- bedden uit exploitatie genomen in functie van het project 107;;;;;;;;;;;;;;;;;;;;;;;;;;;;;;;;;;;;;;;;;;;;;;;;;;;;;;
997;SP;3730;PSYCHO-SOCIAAL CENTRUM SINT-ALEXIUS;;GEWIJDE BOOMSTRAAT 102;1050;BRUSSEL--5;02/512.90.33;www.psc-elsene.be;N;B;Brussel-Bruxelles;Bruxelles - Brussel;Psychiatrisch ziekenhuis - Hôpital psychiatrique;Privaat - Privé;;11;33;;;;;;;;;;;;;;;;;;;;;;;;;44;;;;;;;;;;;;;;;;;;;;;;;;;;;;;;;;;;;;X (geneesmiddelendepot);;;;;;;;;;;;;;;;;;;;
998;SP;1201;ZIEKENHUISNETWERK ANTWERPEN;PZ STUIVENBERG;POTHOEKSTRAAT 109;2060;ANTWERPEN;03/217.71.11;www.zna.be;N;V;Antwerpen;Antwerpen;Psychiatrisch ziekenhuis;Privaat;220;48;;;;;;;;;;;;;;;;;;;;;39;6;;;;313;;"Van de 220 A- bedden zijn er 70 bedden uit exploitatie genomen in functie van het project 107 ""SarA - netwerk GGZ Antwerpen""";;;;;;;;;;;;;;;;;;;;;;;;;;;;;;;;;;;;;;;;;;;;;;;;;;;;;;
;;;;;;;;;;;;;;;;7883;1310;169;12927;2609;13372;2590;7802;64;706;481;79;38;3031;380;449;2477;1053;379;671;1464;5060;1175;247;99;440;513;67468;;;;;;;;;;;;;;;;;;;;;;;;;;;;;;;;;;;;;;;;;;;;;;;;;;;;;;;;
Bron : FOD Volksgezondheid, Veiligheid van de Voedselketen en Leefmilieu - DG Organisatie Gezondheidszorgvoorzieningen  - Dienst Datamanagement;;;;;;;;;;;;;;;;;;;;;;;;;;;;;;;;;;;;;;;;;;;;;;;;;;;;;;;;;;;;;;;;;;;;;;;;;;;;;;;;;;;;;;;;;;;;;;;;;;;
Source : SPF Santé publique, Sécurité de la Chaïne alimentaire et Environnement - DG Organisation des Etablissements de Soins - Service Datamanagement;;;;;;;;;;;;;;;;;;;;;;;;;;;;;;;;;;;;;;;;;;;;;;;;;;;;;;;;;;;;;;;;;;;;;;;;;;;;;;;;;;;;;;;;;;;;;;;;;;;
