erk;campus_type;vestigingsnr;ziekenhuis;campus;adres;post;gemeente;telefoon;website;taal;gewest;provincie;ziekenhuisregio;soort_ziekenhuis;statuut;a;a1;a2;c;cd;d;e;g;ib_sga_plus18;k;k1;k2;l;m;nic;s1;s2;s3;s4;s5;s6;t;t1;t2;tfb;tfp;tg;totaal_bedden;fusie-capaciteit;opmerkingen;medische_beeldvorming_medische_beeldvorming_met_scanner;medische_beeldvorming_magnetische_resonantie_tomograaf_nmr;medische_beeldvorming_nucleaire_geneeskunde_met_pet_scanner;radiotherapie;dialysecentrum;transplantatiecentrum;centrum_voor_menselijke_erfelijkheid;centrum_voor_zware_brandwonden;zorgprogramma_cardiale_pathologie_a;zorgprogramma_cardiale_pathologie_b3;zorgprogramma_cardiale_pathologie_b1-b2;zorgprogramma_cardiale_pathologie_c;zorgprogramma_cardiale_pathologie_e;zorgprogramma_cardiale_pathologie_p;zorgprogramma_cardiale_pathologie_t;samenwerking_of_associatie_mbt_zorgprogramma_cardiale_pathologie;zorgprogramma_s_beroertezorg_basiszorgprogramma_beroertezorg;zorgprogramma_s_beroertezorg_gespecialiseerd_zorgprogramma_beroertezorg_met_invasieve_procedures;zorgprogramma_reproductieve_geneeskunde_type_a;zorgprogramma_reproductieve_geneeskunde_type_b;associatie_mbt_zorgprogramma_reproductieve_geneeskunde;zorgprogramma_oncologische_basiszorg;zorgprogramma_oncologie;coordinerend_gespecialiseerd_oncologisch_zorgprogramma_voor_borstkanker;gespecialiseerd_oncologisch_zorgprogramma_voor_borstkanker_satellietborstkliniek;gespecialiseerd_oncologisch_zorgprogramma_voor_borstkanker;zorgprogramma_voor_kinderen_nieuwe_k_b_02_04_2014_basiszorgprogramma;zorgprogramma_voor_kinderen_nieuwe_k_b_02_04_2014_gespecialiseerd_zorgprogramma;zorgprogramma_voor_kinderen_nieuwe_k_b_02_04_2014_tertiair_zorgprogramma;zorgprogramma_voor_kinderen_oude_k_b_13_07_2006;zorgprogramma_voor_de_geriatrische_patient_dienst_voor_geriatrie;zorgprogramma_voor_de_geriatrische_patient_geriatrisch_consult;zorgprogramma_voor_de_geriatrische_patient_dagziekenhuis_voor_de_geriatrische_patiënt;zorgprogramma_voor_de_geriatrische_patient_interne_liaison;zorgprogramma_voor_de_geriatrische_patient_externe_liaison;ziekenhuisapotheek;associatie_mbt_ziekenhuisapotheek;intensieve_zorg;lokale_donorcoordinatie;ziekenhuisbloedbank;lokale_neonatale_zorgen_nx;regionale_perinatale_zorg_px;pediatrische_liaison;eerste_opvang_van_spoedgevallen;gespecialiseerde_spoedgevallenzorg;mug;associatie_mbt_mug;palliatieve_zorg;chirurgische_daghospitalisatie;niet_chirurgische_daghospitalisatie;zeldzame_ziekten;ombudsfunctie;expertisecentrum_voor_comapatienten;mucoviscidosecentrum;dienst_anatomopathologie;labo_klinische_biologie;administratieve_aanpassing_fod
004;SP;2950;CLINIQUE REINE ASTRID;;RUE DEVANT LES RELIGIEUSES 2;4960;MALMEDY;080/79.31.11;;F;W;Liège;Verviers;Hôpital général;Public;;;;59;4;34;15;24;;;;;;15;;;;;;;;;;;;;;151;;Association en ce qui concerne l'exploitation des services de pédiatrie et de la maternité avec C.H.R. de la Citadelle à Liège;X;;;;;;;;X;;;;;X;;;;;;;;X;;;;;;;;X;;;;;;X;;X;X;X;X (Association avec CHR de la Citadelle à Liège);;;;X;;;X;;;;;;;;;
006;SP;3300;CENTRE HOSPITALIER REGIONAL SAMBRE ET MEUSE;CHR NAMUR;AVENUE ALBERT 1IER 185;5000;NAMUR;081/72.61.11;www.chrsm.be;F;W;Namur;Namur - Dinant;Hôpital général;Public;30;;;96;24;96;20;60;;;;;;32;15;;24;;;;;;;;;;;397;;;X;X (1);X;;X;;;;X;X;;;X;X;;Association programme B3 avec Clinique St. Luc, Bouge (706);;;;X;;;X;;;;;;;X;X;;;;;X;;X;X;X;X;X;;;X;X;;X;X;;;;;;;;
007;SP;2780;CENTRE HOSPITALIER DE LA HAUTE SENNE;SAINT-VINCENT;BOULEVARD ROOSEVELT 17;7060;SOIGNIES;067/34.84.11;www.chrhautesenne.be;F;W;Hainaut;Ath - Soignies;Hôpital général;Public;;;;;;;;;;;;;;;;;;;;40;;;;;;;;40;246;;;;;;;;;;;;;;;;;;;;;;;X;;;;;;;;;;;;;;;;;;;;;;;;;;;;;;;;;;;
007;SS;2790;CENTRE HOSPITALIER DE LA HAUTE SENNE;LE TILLERIAU;CHAUSSEE DE BRAINE 47;7060;SOIGNIES;067/34.84.11;;F;W;Hainaut;Ath - Soignies;;;;;;50;10;59;15;48;;;;;;18;;;;;;;;;;;;;;200;;;X;;;;;;;;X;;X;;;X;;Les programmes partiels B1-B2 est utilisé en association avec Clin. Univ. De Bruxelles - Hôpital Erasme, Bruxelles (406);;;;;;X;;;X;;;;;X;X;;;;;X;;X;;X;X;;;;X;X;;X;X;X;;;;;;;
007;SS;2490;CENTRE HOSPITALIER DE LA HAUTE SENNE;LE GOELAND;GRAND CHEMIN 61;7063;NEUFVILLES;067/28.31.11;;F;W;Hainaut;Ath - Soignies;;;;;;;;;;;;;;;;;;;;;6;;;;;;;;;6;;;;;;;;;;;;;;;;;;;;;;;;;;;;;;;;;;;;;;;;;;;;;;;;;;;;;;;;;;;
009;SP;1180;ZIEKENHUISNETWERK ANTWERPEN;ZNA STUIVENBERG;LANGE BEELDEKENSSTRAAT 267;2060;ANTWERPEN-6;03/217.71.11;www.zna.be;N;V;Antwerpen;Antwerpen;Algemeen ziekenhuis met universitair karakter;Privaat;;;;119;;138;;53;;;;;;;;;25;;;;;;;;;;;335;1988;;X;X (1);;;X;;;X;X;;;;;X;;;;;;;;;X;;;;;;;;X;X;X;X;X;X;;X;X;X;;;;;X;X;Exploitatie via alternerende werking met GZA- Ziekenhuizen (Campus St. Vincentius) Antwerpen en A.Z. Monica Vzw (campus Deurne) Antwerpen ;X;X;X;;;;;;;2016-12-19 00:00:00
009;SS;2000;ZIEKENHUISNETWERK ANTWERPEN;ZNA MIDDELHEIM/KONINGIN PAOLA KINDERZIEKENHUIS;LINDENDREEF 1;2020;ANTWERPEN;03/280.31.11;;N;V;Antwerpen;Antwerpen;;;;;;191;;229;75;48;;61;23;;;36;15;;26;;;;;;;;;;;704;;;X;X (2);X;X;X;;;;X;X;;;X;X;;;;;;X;;;X;X;;;;;;X;X;X;X;;;;;X;X;X;X;X;;;X;X;Exploitatie via alternerendewerking met GZA- Ziekenhuizen (Campus St. Augustinus) Wilrijk;;X;X;;;;;;;
009;SS;2010;ZIEKENHUISNETWERK ANTWERPEN;ZNA HOGE BEUKEN;COMMANDANT WEYNSSTRAAT 165;2660;HOBOKEN;03/830.90.90;;N;V;Antwerpen;Antwerpen;;;;;;;;;;78;;24;8;;;;;;26;60;;;;;;;;;;196;;;;;;;;;;;;;;;;;;;;;;;;X;;;;;;;;;X;X;;;;;;;;;;;;;;;;;X;;;;;;;;
009;SS;2240;ZIEKENHUISNETWERK ANTWERPEN;ZNA JOOSTENS;KAPELLEI 133;2980;ZOERSEL;03/384.56.11;;N;V;Antwerpen;Voorkempen;;;;;;;;;;;;;;;;;;;;;;;60;;;;;;;60;;;;;;;;;;;;;;;;;;;;;;;;;;;;;;;;;;;;;;;;;;;;;;;;;;;;;;;;;;;
009;SS;1190;ZIEKENHUISNETWERK ANTWERPEN;ZNA ST. ERASMUS;LT. LIPPENSLAAN 55;2140;BORGERHOUT;03/270.80.11;;N;V;Antwerpen;Antwerpen;;;60;;;8;;7;;;;;;;;26;;;;;12;;;;;;;;;113;;;X;;;;;;;;X;;;;;X;;;;;;;;;X;;;;;;;;;X;;;;;;;;;X;;;;;;;;X;X;;;;;;;2016-12-19 00:00:00
009;SS;1200;ZIEKENHUISNETWERK ANTWERPEN;ZNA ST. ELISABETH;LEOPOLDSTRAAT 26;2000;ANTWERPEN-1;03/234.41.11;;N;V;Antwerpen;Antwerpen;;;;;;;;;;113;;;;;;;;;88;;;;27;;;;;;;228;;;X;;;;;;;;;;;;;;;;;;;;;X;;;;;;;;;X;X;X;;;;;;;;;;;;;;;;X;X;;;;;;;2016-12-13 00:00:00
009;SS;3360;ZIEKENHUISNETWERK ANTWERPEN;ZNA JAN PALFIJN;LANGE BREMSTRAAT 70;2170;MERKSEM;03/640.21.11;;N;V;Antwerpen;Antwerpen;;;;;;120;;90;22;72;;;;;;24;;;;;;;24;;;;;;;352;;;X;;;;;;;;X;;;;;X;;;;;;;;;X;;X;;;;;X;X;X;X;;;;;X;X;X;X;;;;X;X;Exploitatie via alternerende werking met A.Z. Klina te Brasschaat;;X;X;;;;;;;
010;SP;3100;GRAND HOPITAL DE CHARLEROI;NOTRE DAME;GRAND'RUE 3;6000;CHARLEROI;071/10.21.11;www.ghdc.be;F;W;Hainaut;Charleroi;Hôpital général;Privé;30;;;155;6;108;39;;;;;;;69;18;;;;;;;;;;;;;425;1118;;X;X (2) ;X (1) Association Interhospitalière Région Charleroi;;;;;;X;;;;;X;;;;;;X;;;X;X;;;;;;X;;;;;;X;;X;;X;X;X;;;X;X;;;X;X;;;;;;;2016-12-13 00:00:00
010;SS;3170;GRAND HOPITAL DE CHARLEROI;ST. JOSEPH;RUE DE LA DUCHERE 6;6060;GILLY;071/10.70.11;;F;W;Hainaut;Charleroi;;;;;;79;21;194;;;;;;;;;;;;;;;;;;;;;;294;;;X;X (1);;X;X;;;;X;X;;;X;X;;;;;;;;X;;;;;;;;;;;;;;;;X;X;X;;;;;X;;;;X;X;;;;;;;
010;SS;3180;GRAND HOPITAL DE CHARLEROI;I.M.T.R.;RUE DE VILLERS 1;6280;LOVERVAL;071/10.63.11;;F;W;Hainaut;Charleroi;;;;;;71;;;;32;;;;;;;;;50;;12;;;;;;;;;165;;;X;;;;;;;X;;;;;;;;;;;;;;;;;;;;;;;X;;;;;;;;;;;;;;X;;;X;X;;;;;;;;
010;SS;3190;GRAND HOPITAL DE CHARLEROI;STE.-THERESE;RUE TRIEU KAISIN 134;6061;MONTIGNIES-SUR-SAMBRE;071/10.90.11;;F;W;Hainaut;Charleroi;;;45;27;;;27;;;105;;;;;;;;;;;;;30;;;;;;;234;;;X;;;;;;;;;;;;;;;;;;;;;;;;;;;;;;X;;;;;;;;;;;;;;;;;;X;X;;;;;;;
012;SP;3460;ALGEMEEN ZIEKENHUIS ST. BLASIUS;ST. BLASIUS;KROONVELDLAAN 50;9200;DENDERMONDE;052/25.20.11;www.azsintblasius.be;N;V;Oost-Vlaanderen;Dendermonde;Algemeen ziekenhuis;Privaat;30;8;;119;;100;26;48;;;;;;48;;;;;;;;;;;;;;379;438;;X (2);X (1);;;X;;;;X;;;;;X;;;;;;;;;X;X;;;;;;X;X;X;X;X;X;X;;X;X;X;X;;;;X;X;;;X;X;;;;;;;
012;SS;3470;ALGEMEEN ZIEKENHUIS ST. BLASIUS;GERIATRIE, REVALIDATIE & PALLIATIEVE ZORGEN;KOEVLIET 5;9240;ZELE;052/45.64.00;;N;V;Oost-Vlaanderen;Dendermonde;;;;;;;;;;33;;;;;;;;;20;;6;;;;;;;;;59;;;;;;;;;;;;;;;;;;;;;;;;X;;;;;;;;;X;X;;;;;;;;;;;;;;;;X;;;;;;;;;
012;SS;3480;ALGEMEEN ZIEKENHUIS ST. BLASIUS;DAGZIEKENHUIS & POLIKLINIEK;KOEVLIET 6;9240;ZELE;052/45.64.00;;N;V;Oost-Vlaanderen;Dendermonde;;;;;;;;;;;;;;;;;;;;;;;;;;;;;;;;;X ;;;;;;;;;;;;;;;;;;;;;X;;;;;;;;;;;;;;;;;;;;;;;;;;;;X;;;;;;;
015;SP;2850;ST.-NIKOLAUS HOSPITAL;;HUFENGASSE 4-8;4700;EUPEN;087/59.95.99;www.st-nikolaushospital-eupen.be;F;W;Lüttich;Verviers;Allgemein krankenhaus;Privé;;;;51;22;50;13;24;;;;;;12;;;20;;;;;;;;;;;192;;;X;;;;X;;;;X;;;;;X;;;;;;;;;X;;;;;;;X;;;;;;X;;X;;X;;;;;X;X;;X;X;;;X;;;;;
017;SP;1605;ALGEMEEN ZIEKENHUIS MARIA MIDDELARES;ALGEMEEN ZIEKENHUIS;BUITENRING SINT-DENIJS 30;9000;GENT;09/246.46.46;www.mariamiddelares.be;N;V;Oost-Vlaanderen;Gent - Eeklo;Algemeen ziekenhuis;Privaat;30;10;;212;;126;20;84;;;;;;30;;;30;;;;;;;;;;;542;;;X;X (1);;;X;;;;X;X;;;X;X;;;;;;;;;X;X;;;;;;X;X;X;X;X;X;X;;X;X;X;X;;;;X;;Associatie met Universitair Ziekenhuis Gent (670);X;X;X;;;;;;;2016-12-23 00:00:00
017;SS;1850;ALGEMEEN ZIEKENHUIS MARIA MIDDELARES;MEDISCH CENTRUM;KLINIEKSTRAAT 27;9050;GENTBRUGGE;09/260.60.60;;N;V;Oost-Vlaanderen;Gent - Eeklo;;;;;;;;;;;;;;;;;;;;;;;;;;;;;;0;;;X;;;;;;;;;;;;;;;;;;;;;X;;;;;;;;;;X;;;;;;;;;;;;;;;;;;X;;;;;;;2016-12-14 00:00:00
020;SP;3010;CENTRE HOSPITALIER REGIONAL DE VERVIERS;LA TOURELLE;RUE DU PARC 29;4800;VERVIERS;087/21.21.11;www.chrverviers.be;F;W;Liège;Verviers;Hôpital général;Public;;;;84;42;135;30;60;;;;;;25;;;;;;;;;;;;;;376;436;;X;X (1);;X;X;;;;X;;X;;X;X;;Les programmes partiels B1-B2 est utilisé en association avec C.H.U. Sart-Tilman de Liège (707);;;;;;;X;X;;;;;;X;;;;;;X;;X;X;X;X;;;;X;X;;X;X;;;;;;;;2016-12-14 00:00:00
020;SS;3020;CENTRE HOSPITALIER REGIONAL DE VERVIERS;PELTZER;RUE DE LIEGE 107;4800;VERVIERS;087/21.21.11;;F;W;Liège;Verviers;;;;;;;;;;;;;;;;;;;30;30;;;;;;;;;;60;;;;;;;;;;;;;;;;;;;;;;;;;;;;;;;;;;;;;;;;;;;;;;;;;;;X;;;;;;;;2016-12-14 00:00:00
023;SP;2860;CLINIQUE ANDRE RENARD;;RUE ANDRE RENARD 1;4040;HERSTAL;04/248.72.11;www.solidaris-liege.be/clinique/la-clinique-andre-renard;F;W;Liège;Liège;Hôpital général;Privé;;;;41;28;43;;48;;;;;;;;;;;;;;;;;;;;160;;;X;;;;;;;;X;;;;;X;;;;;;;;X;;;;;;;;;X;;;;;X;;X;X;;;;;;X;;;X;X;X;;;;;;;
026;SP;1230;ALGEMEEN ZIEKENHUIS ST.- MAARTEN;LEOPOLDSTRAAT;LEOPOLDSTRAAT 2;2800;MECHELEN;015/40.95.11;www.azsintmaarten.be;N;V;Antwerpen;Mechelen;Algemeen ziekenhuis;Privaat;;;;68;;70;;54;;;;;;;;;;;6;;;;;;;;;198;659;;X;X (1);;;;;;;X;;;;;X;;;;;;;;X;;;;;;;;;X;X;;X;X;X;Associatie met Psychiatrisch Ziekenhuis Duffel (E/970);X;X;X;;;;;X;X;;X;X;X;;;;;;;
026;SS;1240;ALGEMEEN ZIEKENHUIS ST. -MAARTEN;ROOIENBERG;ROOIENBERG 25;2570;DUFFEL;015/30.31.11;;N;V;Antwerpen;Mechelen;;;;15;;75;;72;;30;;;;;;15;;20;44;;;;;;;;;;;271;;;X;;;X;;;;;X;;X;;;X;;Deelprogramma B1-B2 wordt uitgebaat in associatie met Imeldaziekenhuis, Bonheiden (689);;;;;;;X;X;;;;;;;X;X;;;;;;X;X;X;X;;;;X;;;;X;X;;;;;;;
026;SS;2070;ALGEMEEN ZIEKENHUIS ST. -MAARTEN;ZWARTZUSTERSVEST;ZWARTZUSTERSVEST 47;2800;MECHELEN;015/29.66.66;;N;V;Antwerpen;Mechelen;;;60;20;;3;;4;25;48;;;;;;30;;;;;;;;;;;;;;190;;;X;;;;;;;;X;;;;;X;;;;;;;;X;;;;;;;;X;X;X;X;;;;;;;X;X;;;;;;;;X;X;;;;;;;2016-12-13 00:00:00
032;SP;1840;ALGEMEEN ZIEKENHUIS ALMA;EEKLO;MOEIE 18;9900;EEKLO;09/376.04.11;www.azalma.be;N;V;Oost-Vlaanderen;Gent - Eeklo;Algemeen ziekenhuis;Privaat;;;;75;;60;26;50;;;;;;20;;;;;;;;;;;;;;231;451;;X;X (1);;;;;;;X;;;;;X;;;;;;;;;X;;X;;;;;X;X;X;X;X;X;X;;X;X;X;X;;;;X;X;;X;X;X;;;;;;;
032;SS;3400;ALGEMEEN ZIEKENHUIS ALMA;SIJSELE;GENTSE STEENWEG 132;8340;SIJSELE-DAMME;050/72.81.11;;N;V;West-Vlaanderen;Brugge;;;;;;63;;62;;50;;;;;;;;;20;25;;;;;;;;;;220;;;X;;;;;;;;X;;;;;X;;;;;;;;X;;;;;;;;;X;X;;;;;;;;X;;;;;X;;;;X;X;;;;;;;
037;SP;2321;INTERCOM. DE SOINS SPECIALISES DE LIEGE;VALDOR;RUE BASSE- WEZ 145;4020;LIEGE;04/341.78.11;www.isosl.be;F;W;Liège;Liège;Hôpital général;Public;;;;;;;;128;;;;;;;;;31;62;8;;;;;;;;;229;486;;Association avec C.H.R. de la Citadelle - Liège (412);;;;;;;;;;;;;;;;;;;;;X;;;;;;;;;X;;;;;X;;;;;;;;;;;;X;;;;;;;;;
037;SS;2330;INTERCOM. DE SOINS SPECIALISES DE LIEGE;PERI;MONTAGNE STE.-WALBURGE 4BIS;4000;LIEGE;04/225.87.11;;F;W;Liège;Liège;;;;;;;;;;31;;;;;;;;;;25;;;141;60;;;;;;257;;;;;;;;;;;;;;;;;;;;;;;;;;;;;;;;;;;;;;;;;;;;;;;;;;;;;;;X (5 lits);;;;
038;SP;2340;SILVA MEDICAL Vzw;SCHEUTBOS;GELUKKIGE GRIJSHEIDSTRAAT 1;1080;BRUSSEL--8;02/482.49.49;www.silva-medical.be;N;B;Brussel-Bruxelles;Bruxelles - Brussel;Algemeen ziekenhuis - Hôpital général;Privaat - Privé;;;;;;;;91;;;;;;;;;;;;;29;;;;;;;120;440;;;;;;;;;;;;;;;;;;;;;;;;;;;;;;;;X;;X;;;X;;;;;;;;;;;;;;;;X;;;;;
038;SS;2430;SILVA MEDICAL Vzw;CLINIQUE DE LA BOIS DE LA PIERRE;CHAUSSEE DE NAMUR 201;1300;WAVRE;010/88.21.11;;F;W;Brabant Wallon;Brabant Wallon;;;;;;;;;;;;;;;;;;32;127;28;6;31;;;;;;;;224;;;;;;;;;;;;;;;;;;;;;;;;;;;;;;;;;;;;;;;;;;;;;;;;;;X;;;;;;;;;
038;SS;2280;SILVA MEDICAL  Vzw;CLINIQUE DE LA FORET DE SOIGNES;CHAUSSEE DE TERVUREN;1410;WATERLOO;02/352.61.11;;F;W;Brabant Wallon;Brabant Wallon;;;;;;;;;;;;;;;;;;;;;;;;79;17;;;;;96;;;;;;;;;;;;;;;;;;;;;;;;;;;;;;;;;;;;;;;;;;;;;;;;;;;;;;;;;;;
039;SP;3280;CHU UCL NAMUR;MONT-GODINNE;AVENUE DR. G.THERASSE 1;5530;MONT-GODINNE;081/42.21.11;www.chudinantgodinne.be;F;W;Namen;Namur - Dinant;Hôpital général à caractère universitaire;Privé;30;;;147;28;137;;24;;;;;;;;;20;;;;;;;;;;;386;;;X;X (1);X;;;;;;X;X;;;X;X;;;;;X;;;;X;;;;;;;X (Association avec la CHU UCL Namur Clinique Maternité Ste. Elisabeth, Namur Agr/166);X;;;;;X;;X;X;X;;;;;X;X;;X;X;;;;;;;;2016-12-21 00:00:00
042;SP;2990;CENTRE HOSPITALIER DU BOIS DE L'ABBAYE ET DE HESBAYE;SERAING;RUE LAPLACE 40;4100;SERAING;04/338.70.00;www.chbah.be;F;W;Liège;Liège;Hôpital général à caractère universitaire;Public;;;;105;12;98;15;58;;;;;;24;;20;;;;;;;;;;;;332;432;;X;X (1);;;X;;;;X;;;;X;X;;;;;;;;;X;;;;;;;X;X;;;;;X;;X;;;X;;;;X;X;Exploité en alternance avec CH Chrétien (site Espérance), Montegnée;X;X;X;;;;;;;
042;SS;3000;CENTRE HOSPITALIER DU BOIS DE L'ABBAYE ET DE HESBAYE;JOSEPH WAUTERS - WAREMME;AVENUE DE LA RESISTANCE 2;4300;WAREMME;019/33.80.00;;F;W;Liège;Huy - Waremme;;;;;;;39;;;30;;;;;;;;;25;;6;;;;;;;;;100;;;X;;;;;;;;X;;;;;X;;;;;;;;X;;;;;;;;;X;;;;;;;;;;;;;;X;X;Exploité en alternance avec Cliniques St. Joseph (site Notre-Dame) - Waremme;;X;;;;;;;;
043;SP;1730;CLINIQUE SAINT PIERRE;;AVENUE REINE FABIOLA 9;1340;OTTIGNIES;010/43.72.11;www.cspo.be;F;W;Brabant Wallon;Brabant Wallon;Hôpital général;Privé;30;;;130;15;156;26;38;;;;;;24;;;;;6;;;;;;;;;425;;;X;X (1);;Collaboration avec Cliniques Universitaires St. Luc à Bruxelles (403);X;;;;X;;X;;X;X;;Les programmes partiels B1-B2 est utilisé en association avec Clinique St. Jean Bruxelles (110);;;X;;;;X;X;;;;;;X;;;;;;X;;X;X;X;X;;;;X;X;;X;X;;;;;;;;
046;SP;2250;"WOONZORG- & REVALIDATIECENTRUM ""DE DENNEN""";;NOOITRUST 18;2390;MALLE;03/380.15.30;www.dedennen.be;N;V;Antwerpen;Voorkempen;Gespecialiseerd ziekenhuis;Privaat;;;;;;;;;;;;;;;;;;;;;38;;;;;;;38;;;;;;;;;;;;;;;;;;;;;;;;;;;;;;;;;;;;;;X;;;;;;;;;;;;X;;;;;;;;;
049;SP;1010;ALGEMEEN ZIEKENHUIS ST.-JAN BRUGGE-OOSTENDE;ST. JAN BRUGGE;RUDDERSHOVE 10;8000;BRUGGE;050/45.21.11;www.azbrugge.be;N;V;West-Vlaanderen;Brugge;Algemeen ziekenhuis met universitair karakter;Openbaar;50;18;;214;;225;33;114;;;;;;38;15;;20;;;;;;;;;;;727;1195;;X (2);X (2);Associatie met A.Z. Groeninge, Kortrijk (396);X;X;;;;X;X;;;X;X;;;;;;X;;;X;X;;;;;;X;X;X;X;X;X;X;;X;X;X;X;X;;;X;X;;;X;X;;;;;;;2016-12-20 00:00:00
049;SS;1020;ALGEMEEN ZIEKENHUIS ST.-JAN BRUGGE-OOSTENDE;ST. FRANCISCUS - XAVERIUS;SPAANSE LOSKAAI 1;8000;BRUGGE;050/47.04.70;;N;V;West-Vlaanderen;Brugge;;;30;;;;;;;30;;;;;;;;;20;20;9;;30;;;;;;;139;;S4- bedden worden uitgebaat in associatie met AZ St. Lucas te Brugge;;;;;;;;;;;;;;;;;;;;;;X;;;;;;;;;X;X;;;;;;;;;;;;;;;;X;;;;;X (5 bedden);;;;2016-12-20 00:00:00
049;SS;1930;ALGEMEEN ZIEKENHUIS ST.-JAN BRUGGE-OOSTENDE;ST. JAN OOSTENDE;KAIROSTRAAT 84;8400;OOSTENDE;059/55.51.11;;N;V;West-Vlaanderen;Oostende;;;30;10;;67;;114;15;60;;;;;;13;;;;20;;;;;;;;;;329;;;X;;;;;;;;X;;;;X;X;;;;;;;;;X;;;;;;;X;X;X;X;;;;;X;X;;X;;;;X;X;Exploitatie via alternerende werking met Az Damiaan Oostende;;X;X;;;;;;;2016-12-20 00:00:00
057;SP;2700;JAN YPERMAN ZIEKENHUIS Vzw;IEPER;BRIEKESTRAAT 12;8900;IEPER;057/35.35.35;www.yperman.net;N;V;West-Vlaanderen;Ieper;Algemeen ziekenhuis;Privaat;;;;129;;154;35;106;;;;;;33;;;22;;6;;21;;;;;;;506;530;;X;X (1);;;X;;;;X;;X;;;X;;Deelprogramma B1-B2 wordt uitgebaat in associatie met het Algemeen Ziekenhuis Delta, Roeselare (117);;;;;;;X;X;;;;;;X;X;X;X;X;X;X;;X;X;X;X;;;;X;X;;X;X;X;;;;;;;
057;SS;1120;JAN YPERMAN ZIEKENHUIS Vzw;POPERINGE;OOSTLAAN 11;8970;POPERINGE;057/35.35.35;;N;V;West-Vlaanderen;Ieper;;;;;;;;;;;;;;;;;;;;;;;;;;;;;;;;;X;;;;;;;;;;;;;;;;;;;;;;;;;;;;;;;;;;;;;;;;;;;;;;;;X;X;;;;;;;
057;SS;3530;JAN YPERMAN ZIEKENHUIS Vzw;WERVIK;STEENAKKER 30;8940;WERVIK;057/35.62.40;;N;V;West-Vlaanderen;Ieper;;;;;;;;;;;;;;;;;;;24;;;;;;;;;;;24;;;;;;;;;;;;;;;;;;;;;;;;;;;;;;;;;;;;;;;;;;;;;;;;;;;;;;;;;;;
063;SP;2100;ALGEMEEN ZIEKENHUIS TURNHOUT;ST. JOZEF;STEENWEG OP MERKSPLAS 44;2300;TURNHOUT;014/44.41.11;www.azturnhout.be;N;V;Antwerpen;Turnhout;Algemeen ziekenhuis;Privaat;38;7;;53;;32;40;50;;;;;;65;;;20;;;;;;;;;;;305;650;;X;;;;X;;;;X;;;;;X;;;;;;;;X;;;;;;;;X;X;X;;X;X;X;;;;X;X;;;;X;;;;X;X;;;;;;;
063;SS;1280;ALGEMEEN ZIEKENHUIS TURNHOUT;ST. ELISABETH;RUBENSSTRAAT 166;2300;TURNHOUT;014/40.60.11;;N;V;Antwerpen;Turnhout;;;;;;76;;190;;48;;;;;;;;;;20;8;;;;;;;;;342;;;X;X (1);;X;;;;;X;;X;;;X;;Deelprogramma B1-B2 wordt uitgebaat in associatie met het globale zorgprogramma B3 van de Universitaire Ziekenhuizen K.U.L. Leuven (322);;;;;;;X;X;;;;;;;X;X;X;;;;;X;X;X;;;;;X;X;;X;X;X;;;;;;;
068;SP;2870;CENTRE HOSPITALIER REGIONAL DE HUY;;RUE TROIS PONTS 2;4500;HUY;085/27.21.11;www.chrh.be;F;W;Liège;Huy - Waremme;Hôpital général à caractère universitaire;Public;30;;;77;20;104;26;38;;;;;;22;;;;;;;;;;;;;;317;;;X;X (1);;;X;;;;X;;B1;;X;X;;"B1 = collaboration avec C.H.U. de Liège ""Sart-Tilman"" - Liège";;;;;;;X;;;;;;;X;X;;;;;X;;X;X;X;X;;;;X;X;;X;X;X;;;;;;;
076;SP;1520;CENTRE HOSPITALIER UNIV. ST.-PIERRE;PORTE DE HAL / HALLEPOORT;RUE HAUTE 322;1000;BRUXELLES--1;02/535.31.11;www.stpierre-bru.be;B;B;Brussel-Bruxelles;Bruxelles - Brussel;A.Z. met univ. karakter - Hôpital général à caractère univ.;Openbaar - Public;30;;;89;;111;40;50;;;;;30;60;15;;;;6;;;;;;;;;431;582;;X;X (1);;;;;;;X;X;;;X;X;;;X;;;X;;;X;X;;;;;;X;;;;;;X;;X;X;X;X;X;;;X;X;;X;X;;;;;;;;2016-12-16 00:00:00
076;SS;1500;CENTRE HOSPITALIER UNIV. ST.-PIERRE;CESAR DE PAEPE;RUE DES ALEXIENS 11;1000;BRUXELLES--1;02/506.71.11;;B;B;Brussel-Bruxelles;Bruxelles - Brussel;;;;;;;;;;27;;;;;;;;26;24;;;;74;;;;;;;151;;;X;;;;;;;;;;;;;;;;;;;;;X;;;;;;;;;X;;;;;;;;;X;;;;X;;;;;X;X;;X;;;;;2016-12-16 00:00:00
076;SS;2410;CENTRE HOSPITALIER UNIV. ST. PIERRE;PACHECO;RUE DU GRAND HOSPICE 7;1000;BRUXELLES--1;02/226.42.11;;B;B;Brussel-Bruxelles;Bruxelles - Brussel;;;;;;;;;;;;;;;;;;;;;;;;;;;;;;0;;;;;;;;;;;;;;;;;;;;;;;;;;;;;;;;;;;;;;;;;;;;;;;;;;;;;;;;;;;2016-12-16 00:00:00
077;SP;1570;CENTRE HOSPITALIER UNIVERSITAIRE BRUGMANN;VICTOR HORTA;PLACE A. VAN GEHUCHTEN 4;1020;BRUXELLES--2;02/477.21.11;www.chu-brugmann.be;B;B;Brussel-Bruxelles;Bruxelles - Brussel;A.Z. met univ. karakter - Hôpital général à caractère univ.;Openbaar - Public;123;45;;96;;163;;72;;15;;;;52;;;;55;10;;;;;;;;;631;853;;X;X (1);;;X  ;;;;X;X;;;X;X;;B3 = association avec CHU St. Pierre - Bruxelles;X;;;;;;X;;;X;;;;;X;;;;;X;;X;X;X;X;Samenwerking met / collaboration avec Hôpital Univ. Des Enfants Reine Fabiola (HUDERF) Bruxelles (150);;;X;;;X;X;;;X;X (4 bedden - lits);;;;2016-12-05 00:00:00
077;SS;1590;CENTRE HOSPITALIER UNIVERSITAIRE BRUGMANN;PAUL BRIEN;RUE DU FOYER SCHAERBEEKOIS 36;1030;BRUXELLES--3;02/477.21.11;;B;B;Brussel-Bruxelles;Bruxelles - Brussel;;;;;;16;34;16;;60;;;;;;;;;;;;;;;;;;;;126;;;X;;;;;;;;;;;;;;;;;;;;;X;;;;;;;;;X;;;;;;;X;;;;;;;X;X;;;X;;;;;;;;
077;SS;1571;CENTRE HOSPITALIER UNIVERSITAIRE BRUGMANN;REINE ASTRID;RUE BRUYN 1;1120;BRUXELLES;02/477.21.11;;B;B;Brussel-Bruxelles;Bruxelles - Brussel;;;;;;;;;;;;;;;;;;24;30;;;42;;;;;;;;96;;;;;;;;;;;;;;;;;;;;;;;;;;;;;;;;;;;;;;;;;;;;;;;;;;;;;;;;;;;
079;SP;1510;INSTITUT JULES BORDET;;RUE HEGER BORDET 1;1000;BRUXELLES--1;02/541.31.11;www.bordet.be;B;B;Brussel-Bruxelles;Bruxelles - Brussel;A.Z. met univ. karakter - Hôpital général à caractère univ.;Openbaar - Public;;;;;160;;;;;;;;;;;;;;;;;;;;;;;160;;;X;X (2);X;X;;;;;;;;;;;;;;;;;;;X;X;;;;;;;;;;;;X;;X;;;;;;X;;;;X;;X;;X;;;;;
087;SP;1530;HOPITAUX IRIS SUD - IRIS ZIEKENHUIZEN ZUID;BARON LAMBERT;RUE BARON LAMBERT 38;1040;BRUXELLES--4;02/739.84.11;www.his-izz.be;B;B;Brussel-Bruxelles;Bruxelles - Brussel;Algemeen ziekenhuis - Hôpital général;Openbaar - Public;;;;;;;;;;;;;;;;;;;;;;;;;;;;;550;;X;;;;;;;;;;;;;;;;;;;;;;;;;;;;;;;;;;;;;;;;;;;;;;;;X;;;X;;;;;2016-12-14 00:00:00
087;SS;1540;HOPITAUX IRIS SUD - IRIS ZIEKENHUIZEN ZUID;JOSEPH BRACOPS;RUE DOCTEUR HUET 79;1070;BRUXELLES--7;02/556.12.12;;B;B;Brussel-Bruxelles;Bruxelles - Brussel;;;;;;26;38;26;;56;;;;;;;;24;;;;;;;;;;;;170;;;X;;;;X;;;;X;;;;;X;;;;;;;;X;;;;;;;;;X;X;;;X;;;X;;X;;;;;X;;;;X;X;;;;;;;2016-12-14 00:00:00
087;SS;1550;HOPITAUX IRIS SUD - IRIS ZIEKENHUIZEN ZUID;MOLIERE LONGCHAMP;RUE MARCONI 142;1190;BRUXELLES-19;02/348.51.11;;B;B;Brussel-Bruxelles;Bruxelles - Brussel;;;30;;;26;29;26;;30;;;;;;;;;24;24;6;;;;;;;;;195;;;X;X (1);;;X;;;;;;;;;;;;X;;;;;X;;;;;;;;;X;;;;;X;;X;;X;;;;;X;;;X;X;;;X;;;;;2016-12-14 00:00:00
087;SS;1560;HOPITAUX IRIS SUD - IRIS ZIEKENHUIZEN ZUID;ETTERBEEK-IXELLES/ELSENE;RUE JEAN PAQUOT 63;1050;BRUXELLES--5;02/641.41.11;;B;B;Brussel-Bruxelles;Bruxelles - Brussel;;;;;;26;42;26;20;39;;;;;;32;;;;;;;;;;;;;;185;;;X;X (1);;;;;;;;;;;;;;;;;;;;;X;;;X;;;;X;X;;;;;;;X;X;X;X;;;;X;X;Exploité en alternance avec Clinique St. Jean Bruxelles;;X;X;;;;;;;
095;SP;2310;PROVINCIAAL ZORGCENTRUM LEMBERGE APB;;SALISBURYLAAN 100;9820;MERELBEKE;09/272.20.00;;N;V;Oost-Vlaanderen;Gent - Eeklo;Gespecialiseerd ziekenhuis;Openbaar;;;;;;;;;;;;;;;;;;;;63;;;;;;;;63;;;;;;;;;;;;;;;;;;;;;;;;;;;;;;;;;;;;;;X;;;;;;;;;;;;X;;;;;;;;;
096;SP;3220;CENTRE HOSPITALIER UNIVERSITAIRE TIVOLI;;AVENUE MAX BUSET 34;7100;LA LOUVIERE;064/27.61.11;www.chu-tivoli.be;F;W;Hainaut;La Louvière;Hôpital général à caractère universitaire;Privé;45;;;120;14;176;28;72;;;;;;28;15;;20;;;;;;;;;;;518;;;X;X (1);;X ;X;;;;X;X;;;X;X;;Association programme B3 avec CHU de Bruxelles - Hôpital Erasme, Bruxelles (406);;;;;;;X;X;;;;;;X;X;;;;;X;;X;X;X;X;X;;;X;X;Exploité en alternance avec CH de Jolimont, Haine-Saint-Paul;X;X;X;;;;;;;
097;SP;1260;HEILIG HART ZIEKENHUIS Vzw;;MECHELSESTRAAT 24;2500;LIER;03/491.23.45;www.hhzhlier.be;N;V;Antwerpen;Lier;Algemeen ziekenhuis;Privaat;29;4;;152;;88;25;81;;;;;;22;;;22;;6;22;;;;;;;;451;;;X;X (1);;;X;;;;X;;;;;X;;;;;;;;;X;;X;;;;;X;X;X;X;X;X;X;;X;X;X;X;;;;X;X;;X;X;X;;;;;;;2016-12-19 00:00:00
099;SP;1290;GZA- ZIEKENHUIZEN;ST. AUGUSTINUS;OOSTERVELDLAAN 24;2610;WILRIJK;03/443.30.11;www.gza.be;N;V;Antwerpen;Antwerpen;Algemeen ziekenhuis met universitair karakter;Privaat;;;;223;;192;24;68;;;;;;64;15;;;;12;;;;;;;;;598;1012;;X (2);X (2);Associatie met Ziekenhuisnetwerk Antwerpen (009);X  (Iridium Kankernetwerk Antwerpen);X;;;;X;;X;;;X;;Deelprogramma B1-B2 wordt uitgebaat in associatie met U.Z. Antwerpen, Edegem (300);;;X;;;;X;X;;;;;;X;X;X;;X;X;X;;X;X;X;X;X;;;X;X;Exploitatie via alternerende werking met het ZNA (campus Middelheim) te Antwerpen;X;X;X;;;;;;;
099;SS;2020;GZA- ZIEKENHUIZEN;ST. VINCENTIUS;ST.-VINCENTIUSSTRAAT 20;2018;ANTWERPEN-1;03/285.20.00;;N;V;Antwerpen;Antwerpen;;;60;5;;51;;90;20;48;;;;;;24;;;;;;;22;;;;;;;320;;;X;X (1);;;;;;;X;;;;;;;;;;;;;;X;;;;;;;X;X;X;;;;;;X;X;X;X;;;;X;X;Exploitatie via alternerende werking met het ZNA (Campus Stuivenberg) Antwerpen en A.Z. Monica Vzw (Campus Deurne) Antwerpen;;X;X;;;;Associatie met het UZ Antwerpen, Edegem (300);;;
099;SS;2030;GZA- ZIEKENHUIZEN;ST. JOZEF;MOLENSTRAAT 19;2640;MORTSEL;03/444.12.11;;N;V;Antwerpen;Antwerpen;;;;;;29;;21;;24;;;;;;;;;20;;;;;;;;;;;94;;;X;;;;;;;;X;;;;;X;;;;;;;;X;;;;;;;;;X;X;X;;;;;;;X;;;;X;;;;;X;X;;;;;;;
102;SP;2080;HEILIG HARTZIEKENHUIS V.Z.W.;;GASTHUISSTRAAT 1;2400;MOL;014/71.20.00;www.azmol.be;N;V;Antwerpen;Geel;Algemeen ziekenhuis;Privaat;;;;55;;59;16;38;;;;;;15;;;;;;;;;;;;;;183;;Associatie m.b.t. de gezamelijke exploitatie van 30 S2- bedden met A.Z. St. Dimpna, Geel (de bedden zijn gelokaliseerd in het A.Z. St. Dimpna, Geel);X;Associatie met A.Z. St. Dimpna, Geel (709);;;;;;;X;;;;;X;;Associatie zorgprogramma B3 en deelprogramma B1-B2 met UZ Antwerpen, Edegem - GZA- Ziekenhuizen, Wilrijk & AZ Monica, Deurne;;;;;;X;;;;Associatie met A.Z. St. Dimpna Geel (709);;;;X;X;X;X;X;X;X;;X;X;X;X;;;;X;;;X;X;X;;;;;;;
103;SP;3310;CHR SAMBRE ET MEUSE;CHR VAL DE SAMBRE AUVELAIS;RUE CHERE VOIE 75;5060;AUVELAIS;071/26.52.11;www.chrvs.be;F;W;Namur;Namur - Dinant;Hôpital général;Public;30;15;;47;9;70;15;40;;;;;;15;;20;26;20;;;;;;;;;;307;313;;X;;;;;;;;X;;;;;X;;;;;;;;X;;;;;;;;X;X;;;;;X;;X;;X;X;;;;X;X;;;X;;;;;;;;2016-12-08 00:00:00
103;SS;3330;CHR SAMBRE ET MEUSE;CHR VAL DE SAMBRE - FOSSES-LA-VILLE;RUE STE. BRIGIDE 43;5070;FOSSES-LA-VILLE;071/26.53.74;;F;W;Namur;Namur - Dinant;;;;;;;;;;;;;;;;;;;;;6;;;;;;;;;6;;;;;;;;;;;;;;;;;;;;;;;;;;;;;;;;;;;;;;;;;;;;;;;;;;X;;;;;;;;;
104;SP;2060;SINT-JOZEFKLINIEK;BORNEM;KASTEELSTRAAT 23;2880;BORNEM;03/890.16.11;www.sjk.be;N;V;Antwerpen;Mechelen;Algemeen ziekenhuis;Privaat;;;;36;;60;;;;;;;;15;;;20;;;;;;;;;;;131;233;;X;Associatie met A.Z. Heilige Familie, Reet (314);;;;;;;X;;;;;X;;;;;;;;X;;;;;;;;;;X;;X;X;X;;X;X;X;X;;;;X;;;X;X;X;;;;;;;2016-12-19 00:00:00
104;SS;2110;SINT-JOZEFKLINIEK;WILLEBROEK;TISSELTSESTEENWEG 27;2830;WILLEBROEK;03/860.32.22;;N;V;Antwerpen;Mechelen;;;;;;30;;;;72;;;;;;;;;;;;;;;;;;;;102;;;X;;;;;;;;;;;;;;;;;;;;;;;;;;;;;;X;X;X;;;;;;;X;;;;;;;;;X;X;;;;;;;
106;SP;1340;A.Z. SINT-MARIA;;ZIEKENHUISLAAN 100;1500;HALLE;02/363.12.11;www.sintmaria.be;N;V;Vlaams-Brabant;Halle;Algemeen ziekenhuis;Privaat;30;6;;70;;74;15;50;;;;;;20;;30;29;;6;;20;;;;;;;350;;;X;X (1);;;;;;;X;;;;;X;;;;;;;;X;;;;;;;;X;X;X;X;X;X;X;;X;;X;X;;;;X;X;;X;X;X;;;;;;;2016-12-19 00:00:00
108;SP;1360;REGIONAAL ZIEKENHUIS HEILIG HART;;NAAMSESTRAAT 105;3000;LEUVEN;016/20.92.11;www.hhleuven.be;N;V;Vlaams-Brabant;Leuven;Algemeen ziekenhuis;Privaat;;;;69;;67;15;72;;;;;;38;;;;20;6;;;;;;;;;287;;;X;X (1) ;;;;;;;X;;;;;X;;;;;;X;;X;;;;;;;;X;X;X;X;X;X;X;;X;;X;X;;;;X;;;X;X;X;;;;;;;2016-12-31 00:00:00
109;SP;1370;REGIONAAL ZIEKENHUIS HEILIG HART TIENEN;MARIENDAL;KLINIEKSTRAAT 45;3300;TIENEN;016/80.90.11;www.rztienen.be;N;V;Vlaams-Brabant;Diest - Tienen;Algemeen ziekenhuis;Privaat;;;;81;;81;15;22;;;;;;17;;;;;;;;;;;;;;216;303;;X (2);X (1);;;;;;;X;;;;;X;;;;;;;;;X;;;;;;;X;X;X;;X;X;X;;X;;X;X;;;;X;X;;X;X;X;;;;;;;
109;SS;1390;REGIONAAL ZIEKENHUIS HEILIG HART TIENEN;ST. -JAN;HOUTEMSTRAAT 115;3300;TIENEN;016/80.90.11;;N;V;Vlaams-Brabant;Diest - Tienen;;;30;;;;;;;30;;;;;;;;;27;;;;;;;;;;;85;;;X;;;;;;;;;;;;;;;;;;;;;X;;;;;;;;;X;X;X;;;;;;;;;;;;;;;;;X;;;;;;;
109;SS;1380;REGIONAAL ZIEKENHUIS HEILIG HART TIENEN;MEDISCH CENTRUM AARSCHOT;LANGDORPSESTEENWEG 129;3200;AARSCHOT;016/55.17.11;;N;V;Vlaams-Brabant;Diest - Tienen;;;;;;;;;;;;;;;;;;;;;;;;;;;;;;;;;X;;;;;;;;;;;;;;;;;;;;;X;;;;;;;;;;X;;;;;;;;;;;;;;;;;X;X;;;;;;;
110;SP;1310;KLINIEK ST.-JAN - CLINIQUE ST. JEAN;KRUIDTUIN / BOTANIQUE;KRUIDTUINLAAN 32;1000;BRUSSEL--1;02/221.91.11;www.klstjan.be;B;B;Brussel-Bruxelles;Bruxelles - Brussel;Algemeen ziekenhuis - Hôpital général;Privaat - Privé;56;;;84;;94;15;76;;10;;;;47;;;;;12;;;;;;;;;394;548;;X;X (1); X  (Associatie Bruxelles Pet-Scan Brussel);X;X;;;;X;X;;;X;X;;;;;;;;;X;X;;;;;;X;X;;X;;;X;;X;X;X;X;;;;X;X;Exploitatie via alternerende werking met Hôpitaux Iris-Sud (site Etterbeek-Ixelles/Elsene);X;X;;;X;;;;;2016-12-05 00:00:00
110;SS;1480;KLINIEK ST.-JAN - CLINIQUE ST. JEAN;MERIDIEN;RUE DU MERIDIEN 100;1210;BRUXELLES;02/225.91.11;;B;B;Brussel-Bruxelles;Bruxelles - Brussel;;;;23;;;;;;;;;;;;;;;;;;29;24;;;;;;;76;;;;;;;;;;;;;;;;;;;;;;;;;;;;;;;;;;;;;;;;;;;;;;;;;;;X;;;;;;;;
110;SS;2460;KLINIEK ST.-JAN - CLINIQUE ST. JEAN;LEOPOLD Ier;LEOPOLD I STRAAT 314;1090;BRUXELLES--9;02/421.00.20;;B;B;Brussel-Bruxelles;Bruxelles - Brussel;;;;;;;;;;30;;;;;;;;;;;;48;;;;;;;;78;;;;;;;;;;;;;;;;;;;;;;;;;;;;;;;;;;;;;;;;;;;;;;;;;;;;;;X;;;;;2016-12-13 00:00:00
111;SP;1400;EUROPAZIEKENHUIZEN - CLINIQUES DE L'EUROPE;ST. ELISABETH;DE FRELAAN 206;1180;BRUSSEL-18;02/614.20.00;"www.cliniquesdeleurope.be; www.europaziekenhuizen.be";B;B;Brussel-Bruxelles;Bruxelles - Brussel;Algemeen ziekenhuis - Hôpital général;Privaat - Privé;30;;;;257;;15;60;;;;;;24;;;20;;12;;;;;;;;;418;709;;X;X (1); X  (Associatie Bruxelles Pet-Scan Brussel);X;X;;;;X;X;;;X;X;;B3 = associatie met Cliniques Universitaires St. Luc - Bruxelles;X;;X;;;;X;X;;;;;;X;;;;;;X;;X;X;X;X;;;;X;X;;X;X;X;;X;;;;;
111;SS;1420;EUROPAZIEKENHUIZEN - CLINIQUES DE L'EUROPE;ST.-MICHEL;RUE DE LINTHOUT 150;1040;BRUXELLES--4;02/614.30.00;;F;B;Brussel-Bruxelles;Bruxelles - Brussel;;;30;15;;;134;;;60;;;;;;24;;;20;;8;;;;;;;;;291;;;X;X (1);;;;;;;X;;;;;X;;;;;;;;X;;;;;X;;;;X;;;;;;;X;;X;X;;;;X;;;;X;X;;X;;;;;2016-12-14 00:00:00
116;SP;2360;REVALIDATIE & MS CENTRUM;;BOEMERANGSTRAAT 2;3900;OVERPELT;011/80.91.00;www.msreva.be;N;V;Limburg;Lommel - Maaseik;Gespecialiseerd ziekenhuis;Privaat;;;;;;;;;;;;;;;;;;120;;;;;;;;;;120;;;;;;;;;;;;;;;;;;;;;;;;;;;;;;;;;;;;;;;Associatie met Maria Ziekenhuis Noord-Limburg, Overpelt (E/719);;;;;;;;;;;X;;X;;;X (5 bedden);;;;
117;SP;1950;ALGEMEEN ZIEKENHUIS DELTA;WILGENSTRAAT;RODE KRUISSTRAAT 20;8800;ROESELARE;051/23.71.11;www.azdelta.be;N;V;West-Vlaanderen;Roeselare;Algemeen ziekenhuis;Privaat;;;;226;;216;32;24;;;;;;23;;;;;;;;;;;;;;521;1206;;X;X (2) ;Associatie met A.Z. Groeninge, Kortrijk (396);X;X;;;;X;X;;;X;X;;;;;X;;;;X;;;X;;;;X;;;;;;X;;X;X;X;X;;;;X;X;;;X;X;;;;;;;
117;SS;1100;ALGEMEEN ZIEKENHUIS DELTA;BRUGSESTEENWEG;BRUGSESTEENWEG 90;8800;ROESELARE;051/23.61.11;;N;V;West-Vlaanderen;Roeselare;;;30;;;95;;77;21;24;;;;;;23;;;;;;60;;;;;;;;330;;;X;X (1);;;;;;;X;;;;;X;;;;;;;;;X;;;;;;;X;X;X;;;;;;X;X;X;X;;;;X;X;;;X;X;;;;;;;
117;SS;1960;ALGEMEEN ZIEKENHUIS DELTA;MENEN;OUDE LEIELAAN 6;8930;MENEN;056/52.21.11;;N;V;West-Vlaanderen;Kortrijk;;;;;;38;;63;16;24;;;;;;13;;;20;;;;;;;;;;;174;;;X;;;;;;;;X;;;;;X;;;;;;;;X;;;;;;;;X;X;X;;;;;;X;;X;X;;;;X;X;; ;X;X;;;;;;;
117;SS;1150;ALGEMEEN ZIEKENHUIS DELTA;WESTLAAN;WESTLAAN 123;8800;ROESELARE;051/23.81.11;;N;V;West-Vlaanderen;Roeselare;;;30;;;;;;;96;;;;;;;;;26;20;9;;;;;;;;;181;;;;;;;;;;;;;;;;;;;;;;;;X;;;;;;;;;X;X;;;X;;;;;;;;;;;;;X;;;;;X (4 bedden);;;;
124;SP;1920;ST.-JOZEFSKLINIEK Vzw;ST. JOZEFKLINIEK;ROESELAARSESTRAAT 47;8870;IZEGEM;051/33.41.11;www.sint-jozefkliniek-izegem.be;N;V;West-Vlaanderen;Roeselare;Algemeen ziekenhuis;Privaat;;;;63;;93;20;24;;;;;;17;;;;;;;;;;;;;;217;271;;X;Associatie met AZ Delta Roeselare (117) en St. Andriesziekenhuis Tielt (395);;;;;;;X;;;;;X;;;;;;;;X;;;;Associatie met Az Delta Roeselare (117);;;;X;X;X;;;X;X;;X;X;X;X;;;;X;;;X;X;X;;;;;;;
124;SS;3500;ST.-JOZEFSKLINIEK Vzw;TEN BOS;MEENSESTEENWEG 70;8870;IZEGEM;051/33.66.11;;N;V;West-Vlaanderen;Roeselare;;;;;;;;;;30;;;;;;;;24;;;;;;;;;;;;54;;;;;;;;;;;;;;;;;;;;;;;;;;;;;;;;;;;;;;;;;;;;;;;;;;;;;;;;;;;
126;SP;1780;ONZE LIEVE VROUWZIEKENHUIS;AALST;MOORSELBAAN 164;9300;AALST;053/72.41.11;www.olvz.be;N;V;Oost-Vlaanderen;Aalst;Algemeen ziekenhuis;Privaat;30;;;238;;245;27;61;;;;;;21;;;;;;;;;;;;;;622;844;;X;X (2);;X;X;;;;X;X;;;X;X;X;;;;;;Associatie met A.Z. Jan Palfijn, Gent (713);;X;X;;;;;;X;X;X;X;X;X;X;;X;X;X;X;;;;X;X;Exploitatie via alternerende werking met het Aalsters Stedelijk Ziekenhuis - Aalst;;X;X;;;;;;;
126;SS;1300;ONZE LIEVE VROUWZIEKENHUIS;ASSE;BLOKLAAN 5;1730;ASSE;02/300.61.11;;N;V;Vlaams-Brabant;Vilvoorde - Dilbeek;;;30;;;50;;52;15;24;;;;;;15;;;;;6;;;;;;;;;192;;;X;;;;;;;;X;;;;;X;;;;;;;;X;;;;;;;;X;X;X;X;;;;;;;X;X;;;;X;;;X;X;X;;;;;;;
126;SS;1790;ONZE LIEVE VROUWZIEKENHUIS;MEDISCH CENTRUM;BIEZENSTRAAT 2;9400;NINOVE;054/31.21.11;;N;V;Oost-Vlaanderen;Aalst;;;;;;;;;;;;;;;;;;;;;;30;;;;;;;;30;;;X;;;;;;;;;;;;;;;;;;;;;X;;;;;;;;;;;;;;;;;;;;;;;;;;;X;X;;;;;;;
134;SP;1830;ST.-VINCENTIUSZIEKENHUIS;;SCHUTTERIJSTRAAT 34;9800;DEINZE;09/387.71.11;www.azstvdeinze.be;N;V;Oost-Vlaanderen;Gent - Eeklo;Algemeen ziekenhuis;Privaat;;;;49;;51;20;34;;;;;;16;;;;;;;;;;;;;;170;;Het zorgprogramma voor de geriatrische patiënt wordt uitgebaat in associatie met het Universitair Ziekenhuis Gent;X;;;;;;;;X;;;;;X;;;;;;;;X;;;;;;;;X;X;X;X;X;X;X;;X;;X;X;;;;X;;;X;X;X;;;;;;;
140;SP;1000;ALGEMEEN ZIEKENHUIS ST. LUCAS;;ST.-LUCASLAAN 29;8310;BRUGGE;050/36.91.11;www.stlucas.be;N;V;West-Vlaanderen;Brugge;Algemeen ziekenhuis;Privaat;30;8;;114;;93;24;56;;25;;;;22;;;20;20;;;;;;;;;;412;;"Associatie mbt. de gezamelijke exploitatie van 9 bedden Sp- palliatieve zorgen met A.Z. St. Jan Brugge-Oostende, de bedden zijn gelokaliseerd in ""campus Franciscus-Xaverius"" Spaanse Loskaai 1 te 8000 Brugge";X;X (1);;;X;;;;X;;;;;X;;;;;;;Associatie met A.Z. St. Jan Brugge - Oostende (049);;X;X;;;;;;X;X;X;X;X;X;X;;X;X;X;X;Associatie met A.Z. St. Jan Brugge-Oostende (049);;;X;;;X;X;X;;;;;;;
143;SP;4200;UNIVERSITAIR ZIEKENHUIS BRUSSEL;;LAARBEEKLAAN 101;1090;BRUSSEL--9;02/477.41.11;www.uzbrussel.be;N;B;Brussel-Bruxelles;Bruxelles - Brussel;Universitair ziekenhuis - Hôpital universitaire;Privaat - Privé;30;;;268;36;203;57;29;;15;5;;;40;16;;22;;;;;;;;;;;721;;;X;X (3);X;X;X;X;X;;X;X;;;X;X;;;;;;X;;;X;X;;;;;;X;X;X;X;X;X;X;;X;X;;X;X;;;X;X;;X;X;X;X;;;;;;
146;SP;3200;CENTRES HOSPITALIERS JOLIMONT;HOPITAL JOLIMONT;RUE FERRER 159;7100;HAINE-SAINT-PAUL;064/23.30.11;www.jolimont.be;F;W;Hainaut;La Louvière;Hôpital général;Privé;30;;;146;;178;24;84;;;;;;20;;;;;;;;;;;;;;482;684;;X;X (2);X;X;X;;;;X;X;;;X;X;;;;;;;;;X;X;;;;;;X;X;;;;;X;;X;X;X;X;;;;X;X;Exploité en alternance avec C.H.U. Tivoli - La-Louvière;X;X;X;;;;;;;2016-12-14 00:00:00
146;SS;3210;CENTRES HOSPITALIERS JOLIMONT;HOPITAL LOBBES;RUE DE LA STATION 25;6540;LOBBES;071/59.21.11;;F;W;Hainaut;La Louvière;;;;;;49;;36;12;32;;;;;;13;;;;;;;;;;;;;;142;;;X;;;;;;;;X;;;;;X;;;;;;;;;X;;X;;;;;X;X;;;;;;;X;;;X;;;;X;X;;;X;X;;;;;;;
146;SS;3201;CENTRES HOSPITALIERS JOLIMONT;HOPITRAL SAINT-VAAST;AVENUE DE l'EUROPE 25;7100;SAINT-VAAST;;;F;W;Hainaut;La Louvière;;;;;;;;;;;;;;;;;;;;;;60;;;;;;;;60;;;;;;;;;;;;;;;;;;;;;;;;;;;;;;;;;;;;;;;;;;;;;;;;;;;;;;;;;;;
150;SP;3440;HOPITAL UNIVERSITAIRE DES ENFANTS REINE FABIOLA (HUDERF);;AVENUE J.J. CROCQ 15;1020;BRUXELLES--2;02/477.33.11;www.huderf.be;B;B;Brussel-Bruxelles;Bruxelles - Brussel;Algemeen ziekenhuis - Hôpital général;Openbaar - Public;;;;40;;;90;;;15;18;;;;20;;;;;;;;;;;;;183;;;X;X (1);;;Collaboration avec CHU Brugmann Bruxelles (077);;;;;;;X;;;;C = samenwerking - collaboration avec CHU Brugmann - Bruxelles;;;;;;X;;;;;;;;X;;;;;;X;;X;;;;X;X;;X;;;X;X;X;;X;;;;;2016-12-16 00:00:00
152;SP;2910;CENTRE HOSPITALIER CHRETIEN;ST. JOSEPH LIEGE;RUE DE HESBAYE 75;4000;LIEGE-1;04/224.81.11;www.chc.be;F;W;Liège;Liège;Hôpital général;Privé;;;;71;82;67;;65;;;;;;;;;;;;;;;;;;;;285;681;;X;X (2);X;;;;;;X;;X;;X;X;;Les programmes partiels B1-B2 est utilisé en association avec CHU Sart-Tilman de Liège (707);;;;;;;X;X;;;;;;;X;;;;;X;;X;X;;;;;;X;;;;X;X;;;;;;;2016-12-19 00:00:00
152;SS;2940;CENTRE HOSPITALIER CHRETIEN;NOTRE-DAME HERMALLE;RUE BASSE HERMALLE 4;4681;HERMALLE-SOUS-ARGENTEAU;04/374.70.00;;F;W;Liège;Liège;;;;;;;54;;;30;;;;;;;;;20;;6;;;;;;;;;110;;;X;;;;;;;;X;;;;;;;;;;;;;X;;;;;;;;;X;;;;;;;X;;;;;;;X;;;X;X;X;;;;;;;2016-12-14 00:00:00
152;SS;2920;CENTRE HOSPITALIER CHRETIEN;ESPERANCE MONTEGNEE;RUE ST.-NICOLAS 447;4420;MONTEGNEE;04/224.91.11;;F;W;Liège;Liège;;;;;;70;12;30;67;;;;;;;;;;20;;;;;;;;;;;199;;;X;;;;;;;;X;;;;;;;;;;;;;X;;;;;;;;X;;;;;;;;X;;;;;;;X;X;Exploité en alternance avec C.H. du Bois de l'Abbaye et de Hesbaye (site Seraing), Seraing;;X;X;;;;;;;2016-12-14 00:00:00
152;SS;2930;CENTRE HOSPITALIER CHRETIEN;NOTRE-DAME WAREMME;RUE DE SELYS LONGCHAMPS 47;4300;WAREMME;019/33.94.11;;F;W;Liège;Huy - Waremme;;;;;;;43;;;24;;;;;;;;;20;;;;;;;;;;;87;;;X;;;;;;;;X;;;;;;;;;;;;;X;;;;;;;;;X;;;;;;;X;;;;;;;X;X;Exploité en alternance avec C.H. du Bois de l'Abbaye et de Hesbaye (site Joseph Wauters) - Waremme;;X;X;;;;;;;2016-12-19 00:00:00
158;SP;2960;CENTRE HOSPITALIER CHRETIEN;ST.-VINCENT;RUE FRANCOIS LEFEBVRE 207;4000;ROCOURT;04/239.41.11;www.chc.be;F;W;Liège;Liège;Hôpital général;Privé;75;;;;30;;;;;;;;;105;35;;;;;;;;;;;;;245;363;;X;;;;;;;;;;;;;;;;;;;X;;X;;;;;;;;;;;;;;X;;;X;;X;X;;;;;;X;X;X;;;;;;;2016-12-14 00:00:00
158;SS;2970;CENTRE HOSPITALIER CHRETIEN;STE. ELISABETH;RUE DU NAIMEUX 17;4802;HEUSY;087/21.31.11;;F;W;Liège;Verviers;;;;;;;74;;;24;;;;;;20;;;;;;;;;;;;;;118;;;X;X (1);;;;;;;X;;;;;;;;;;;;;X;;;;;;;;;X;;;;;;;X;X;;X;;;;X;;;;X;X;;;;;;;2016-12-14 00:00:00
164;SP;3230;VIVALIA - INSTITUT FAMENNE-ARDENNE-CONDROZ;PRINCESSE PAOLA;RUE DU VIVIER 21;6900;MARCHE-EN-FAMENNE;084/21.91.11;www.vivalia.info;F;W;Luxembourg;Luxembourg;Hôpital général;Public;;;;36;52;32;15;24;;;;;;23;;;;;;;;;;;;;;182;278;;X;X (1);;;X;;;;X;;;;;X;;;;;;;;;X;;;;;;;X;X;;;;;X;;X;X;X;X;;;;X;X;;X;X;X;;;;;;;
164;SS;3720;VIVALIA - INSTITUT FAMENNE-ARDENNE-CONDROZ;BASTOGNE;RUE DE HOUFFALIZE 1;6600;BASTOGNE;061/24.01.11;;F;W;Luxembourg;Luxembourg;;;;;;36;;36;;24;;;;;;;;;;;;;;;;;;;;96;;;X;;;;;;;;;;;;;X;;;;;;;;;;;;;;;;;X;;;;;;;;;;;;;;X;X;;;X;X;;;;;;;2016-12-14 00:00:00
166;SP;3290;CHU UCL NAMUR;STE. ELISABETH;PLACE LOUISE GODIN 15;5000;NAMUR;081/72.04.11;www.cmsenamur.be;F;W;Namur;Namur - Dinant;Hôpital général;Privé;;;;125;15;69;16;24;;;;;;52;;;;;;;;;;;;;;301;311;;X;X (1);;X Association avec Centre Hospitalier de Mouscron (247);X;;;;X;;X;;X;X;;Les programmes partiels B1-B2 est utilisé en association avec CHU Godinne - Dinant, Mont-Godinne (039);;;;;;;X;X;;;;;;X (Association avec CHU Dinant - Godinne Agr/039);;;;;;X;;X;X;X;X;;;;X;;;X;X;X;;;;;;;2016-12-14 00:00:00
166;SS;2480;CHU UCL NAMUR;FOYER ST. FRANCOIS;RUE LOUIS LOISEAU 39A;5000;NAMUR;081/74.13.00;;F;W;Namur;Namur - Dinant;;;;;;;;;;;;;;;;;;;;;10;;;;;;;;;10;;;;;;;;;;;;;;;;;;;;;;;;;;;;;;;;;;;;;;;;;;;;;;;;;;;;;;;;;;;
168;SP;3240;VIVALIA - CENTRE HOSPITALIER DE L'ARDENNE;;AVENUE DE HOUFFALIZE 35;6800;LIBRAMONT;061/23.81.11;www.vivalia.info;F;W;Luxembourg;Luxembourg;Hôpital Général;Public;;;;81;;70;15;60;;;;;;28;;25;32;;6;;;;;;;;;317;;;X;;;;X;;;;X;;X;;;X;;Les programmes partiels B1-B2 est utilisé en association avec CHU Godinne - Dinant, Mont-Godinne (039);;;;X;;;X (Association avec Vivalia - Cliniques du Sud-Luxembourg, Arlon);;;;;;;X;X;;;;;X;;X;X;X;X;;;;X;X;;X;X;X;;;;;;;
170;SP;1660;ALGEMEEN ZIEKENHUIS OUDENAARDE;;MINDERBROEDERSSTRAAT 3;9700;OUDENAARDE;055/33.61.11;www.azoudenaarde.be;N;V;Oost-Vlaanderen;Oudenaarde;Algemeen ziekenhuis;Privaat;;;;58;;75;15;53;;;;;;10;;;24;;;;;;;;;;;235;;Associatie mbt. de gezamelijke exploitatie van de dienst pediatrie en materniteit met het Universitair Ziekenhuis te Gent;X;;;;;;;;X;;;;;X;;;;;;;;X;;;;;;;;X (Associatie met Universitair Ziekenhuis Gent 670);X;X;X;X;X;X;;X;X;X;X;;;;X;X;;X;X;X;;;;;;X Associatie met Algemeen Stedelijk Ziekenhuis Aalst (176);2016-12-14 00:00:00
176;SP;1800;ALGEMEEN STEDELIJK ZIEKENHUIS;AALST;MERESTRAAT 80;9300;AALST;053/76.41.11;www.asz.be;N;V;Oost-Vlaanderen;Aalst;Algemeen ziekenhuis;Openbaar;30;;;97;;98;24;60;;;;;;29;;;;;6;;;;;;;;;344;568;;X;X (1);; X Associatie met UZ Brussel (143);;;;;X;X;;;X;X;;B3 = associatie met Universitair Ziekenhuis te Brussel;;;;;;;X;X;;;;;;X;X;X;X;X;X;X;;X;X;X;X;;;;X;X;Exploitatie via alternerende werking met het Onze Lieve Vrouw Ziekenhuis - Aalst;X;X;X;;;;;;X Associatie met Algemeen Ziekenhuis Oudenaarde (170);2016-12-14 00:00:00
176;SS;1820;ALGEMEEN STEDELIJK ZIEKENHUIS;GERAARDSBERGEN;GASTHUISSTRAAT 4;9500;GERAARDSBERGEN;054/43.21.11;;N;V;Oost-Vlaanderen;Aalst;;;;;;41;;59;;30;;;;;;10;;;;;;20;;;;;;;;160;;;X;;;;;;;;X;;;;;X;;;;;;;;X;;;;;;;;;X;X;;;;;;X;;X;X;;;;X;X;;;X;X;;;;;;X Associatie met Algemeen Ziekenhuis Oudenaarde (170);2016-12-14 00:00:00
176;SS;1810;ALGEMEEN STEDELIJK ZIEKENHUIS;WETTEREN;WEGVOERINGSTRAAT 73;9230;WETTEREN;09/368.82.11;;N;V;Oost-Vlaanderen;Dendermonde;;;;;;;;;;24;;;;;;;;20;20;;;;;;;;;;;64;;;X;;;;;;;;X;;;;;;;;;;;;;X;;;;;;;;;X;X;X;;;;;;;X;;;;;;;;;X;X;;;;;;X Associatie met Algemeen Ziekenhuis Oudenaarde (170);2016-12-14 00:00:00
204;SP;1460;ALGEMEEN ZIEKENHUIS VILVOORDE;JAN PORTAELS;GENDARMERIESTRAAT 65;1800;VILVOORDE;02/254.64.00;www.azjanportaels.be;N;V;Vlaams-Brabant;Vilvoorde - Dilbeek;Algemeen ziekenhuis;Privaat;30;6;;112;;109;15;74;;;;;;24;;;30;;6;;;;;;;;;406;;;X;X (1);;;;;;;X;;;;;X;;;;;;;;;X;;;;;;;X;X;X;X;X;X;X;;X;;X;X;;;;X;X;;X;X;X;;;;;;;
217;SP;1900;ALGEMEEN ZIEKENHUIS ST.-ELISABETH;;GODVEERDEGEMSTRAAT 69;9620;ZOTTEGEM;09/364.81.11;www.sezz.be;N;V;Oost-Vlaanderen;Oudenaarde;Algemeen ziekenhuis;Privaat;30;5;;77;;103;20;48;;;;;;20;;;30;;;;;;;;;;;333;;"5 A1- plaatsen worden uit exploitatie genomen in functie van het project 107 ""het PAKT""";X;X (1);;;;;;;X;;;;;X;;;;;;;Associatie met A.Z. St. Lucas, Gent (290);;X;;X;;;;;X;X;X;X;X;X;X;;X;X;X;X;;;;X;X;;X;X;X;;;;;;;2016-12-23 00:00:00
236;SP;4280;"REVALIDATIEZIEKENHUIS ""REVARTE""";;DRIE EIKENSTRAAT 659;2650;EDEGEM;03/210.60.60;www.revarte.be;N;V;Antwerpen;Antwerpen;Geriatrisch- & gespecialiseerd ziekenhuis;Privaat;;;;;;;;52;;;;;;;;;142;;;;;;;;;;;194;;;;;;;;;;;;;;;;;;;;;;;;;;;;;;;;;X;X;X;X;X;X;;;;;;;;;;;;X;;;;;;;;;
242;SP;2350;CENTRE NEUROLOGIQUE ET DE READAPTATION FONCTIONNELLE;;CHAMPS DES ALOUETTES 30;4557;FRAITURE-EN-CONDROZ;085/51.91.11;www.cnrf.be;F;W;Liège;Huy - Waremme;Hôpital général;Privé;30;;;;;;;;;;;;;;;;20;100;;;;;;;;;;150;;;;;;;;;;;;;;;;;;;;;;;;;;;;;;;;;;;;;;X;;;;;;;;;;;;X;;;;;X (5 lits);;;;
242;SS;;;;;;;;;;;;;;;;;;;;;;;;;;;;;;;;;;;;;;;;;;;;;;;;;;;;;;;;;;;;;;;;;;;;;;;;;;;;;;;;;;;;;;;;;;;;;;;;;;;;;
243;SP;3570;JESSAZIEKENHUIS;SALVATOR;SALVATORSTRAAT 20;3500;HASSELT;011/33.55.11;www.jessazh.be;N;V;Limburg;Hasselt - Genk;Algemeen ziekenhuis met universitair karakter;Privaat;;;;119;;37;;119;;;;;;;;;;;7;;20;;;;;;;302;981;;X;X (1);;;;;;;X;;;;;X;;;;;;;;;X;;;;;;;;X;X;X;X;X;X;;X;;X;;;;;;;;X;X;X;;;;;;;
243;SS;3590;JESSAZIEKENHUIS;VIRGA JESSE;STADSOMVAART 11;3500;HASSELT;011/33.55.11;;N;V;Limburg;Hasselt - Genk;;;50;10;;148;;235;40;30;;;20;;;56;;;;;;;;;;;;;;589;;De dienst neuro-psychiatrie (A-bedden & A1- plaatsen) wordt uitgebaat in associatie met het St. Franciscusziekenhuis te Heusden-Zolder;X (2);X (2);X;X  (Limburgs Oncologisch Centrum);X;;;;X;X;;;X;X;;;;;X;;Associatie met Ziekenhuis Oost-Limburg, Genk (Type B);;X;X;;;;;;X;X;X;;;;;;X;X;X;X;;;;X;X;;;X;X;;;;;X;;
243;SS;3580;JESSAZIEKENHUIS;ST. URSULA;DIESTSESTEENWEG 5;3540;HERK-DE-STAD;013/55.17.11;;N;V;Limburg;Hasselt - Genk;;;;;;;;;;;;;;;;;;;55;35;;;;;;;;;;90;;;X;;;;;;;;X;;;;;;;;;;;;;X;;;;;;;;;;X;;;;;;;;X;;;;;;;;;;X;;;X (5 bedden);;;;
246;SP;3690;VIVALIA - CLINIQUES DU SUD-LUXEMBOURG;ARLON;RUE DES DEPORTES 137;6700;ARLON;063/23.11.11;www.vivalia.info;F;W;Luxembourg;Luxembourg;Hôpital général;Public;;;;78;36;101;20;42;;;;;;30;;;;;;;;;;;;;;307;403;;X;X (1);;;X Collaboration avec Vivalia IFAC Marche-en-Famenne (164);;;;X;;X;;X;X;;Les programmes partiels B1-B2 est utilisé en association  de CHU Sart-Tilman à Liège (707);;;;;;;X (Association avec Vivalia - C.H. de l'Ardenne - Libramont);;;;;;;X;;;;;;X;;X;X;X;X;;;;X;X;;X;X;;;;;;;;2016-12-14 00:00:00
246;SS;3700;VIVALIA - CLINIQUES DU SUD-LUXEMBOURG;VIRTON;RUE DE HARNONCOURT 48;6762;SAINT-MARD;063/58.81.11;;F;W;Luxembourg;Luxembourg;;;30;;;;;;;;;;;;;;;;30;;6;30;;;;;;;;96;;;;;;;;;;;;;;;;;;;;;;;;;;;;;;;;;;;;;;;;;;;;;;;;;;;X;;;;;;;;
247;SP;2770;CENTRE HOSPITALIER DE MOUSCRON;;AVENUE DE FECAMP 49;7700;MOUSCRON;056/85.85.85;www.chmouscron.be;F;W;Hainaut;Tournai - Mouscron;Hôpital général;Privé;30;6;;84;44;97;16;40;;;;;;18;;;;;;;20;;;;;;;355;;;X;X(1);;X Association avec CHU UCL Namur - Clinique Ste. Elisabeth à Namur (166);X;;;;X;;X;;;X;;Les programmes partiels B1-B2 est utilisé en association avec Cliniques Universitaires St. Luc, Bruxelles (403);;;;;;;X;;X;;;;;X;X;;;;;X;;X;X;X;X;;;;X;X;;X;X;X;;;;;;;
249;SP;3160;CENTRE DE SANTE DES FAGNES;;BOULEVARD LOUISE 18;6460;CHIMAY;060/21.88.11;www.csf.be;F;W;Hainaut;Charleroi;Hôpital général;Public;;;;30;30;30;15;24;;;;;;15;;;;;;;;;;;;;;144;;;X;;;;;;;;X;;;;;X;;;;;;;;X;;;;;;;;X;X;;;;;X;;X;X;X;X;;;;X;X;;X;X;;;;;;;;
254;SP;2730;C.H.U. ET PSYCHIATRIE DE MONS-BORINAGE;;BOULEVARD KENNEDY 2;7000;MONS;065/41.40.00;www.hap.be;F;W;Hainaut;Mons;Hôpital général à caractère universitaire;Public;30;;;105;33;80;27;74;;;;;;20;;;20;20;6;;;;;;;;;415;;;X;X (1);;;;;;;X;;X;;;X;;Les programmes partiels B1-B2 est utilisé en association avec C.H.U. de Charleroi (718);;;X;;;;X;X;;;;;;X;X;;;;;X;;X;X;X;X;;;;X;X;Exploité en alternance avec C.H.R. Mons-Hainaut (site St. Joseph) - Mons;X;X;X;;;;;;;2016-12-08 00:00:00
257;SP;2980;KLINIK ST.-JOSEF;;KLOSTERSTRASSE 9;4780;SANKT-VITH;080/85.41.11;www.klinik.be;F;W;Lüttich;Verviers;Allgemein krankenhaus;Privé;30;8;;;75;;;;;;;;;10;;;;;;20;;;;;;;;143;156;;X;X (1);;;;;;;X;;;;;X;;;X;;;;;X;;;;;X;;;;;;;;;;;;;X;;;;;X;X;;X;X;X;;X;;;;;
257;SS;2981;KLINIK ST.-JOSEF;HOPITAL DE JOUR  PSYCHIATRIQUE;VERVIERSER STRASSE 26;4700;EUPEN;087/59.83.07;;F;W;Lüttich;Verviers;;;;7;;;;;;;;;6;;;;;;;;;;;;;;;;;13;;;;;;;;;;;;;;;;;;;;;;;;;;;;;;;;;;;;;;;;;;;;;;;;;;;;;;;;;;;
264;SP;3260;CHU UCL NAMUR;DINANT;RUE ST.-JACQUES 501;5500;DINANT;082/21.24.11;www.chudinantgodinne.be;F;W;Namur;Namur - Dinant;Hôpital général;Privé;;;;35;41;70;15;30;;;;;;20;;;;;;;;;;;;;;211;235;;X;X (1);;;;;;;;;;;;;;;;;;;;;X;;;;;;;X;X;;;;;X;;X;X;X;X;;;;X;X;;X;X;X;;;;;;;
264;SS;3270;CHU UCL NAMUR;STE. ANNE;RUE PONT D'AMOUR 50;5500;DINANT;082/22.40.44;;F;W;Namur;Namur - Dinant;;;;;;;;;;;;;;;;;;;24;;;;;;;;;;;24;;;;;;;;;;;X;;;;;X;;;;;;;;;;;;;;;;;;;;;;;;;;;;;;;;;;;;;;;;;;;
265;SP;1650;ALGEMEEN ZIEKENHUIS LOKEREN;;LEPELSTRAAT 2;9160;LOKEREN;09/340.81.11;www.azlokeren.be;N;V;Oost-Vlaanderen;Sint-Niklaas;Algemeen ziekenhuis;Openbaar;;;;55;;55;15;26;;;;;;19;;;;;;;;;;;;;;170;;;X;;;;;;;;X;;;;;X;;;;;;;;X;;;;;;;;X;X;X;X;X;X;X;;X;X;X;X;;;;X;;;X;X;X;;;;;;;
266;SP;2710;CHR MONS - HAINAUT;ST. JOSEPH;AV. B. DE CONSTANTINOPLE 5;7000;MONS;065/38.55.11;www.chrmonshainaut.be;F;W;Hainaut;Mons;Hôpital général;Privé;;;;46;6;78;15;24;;;20;;;15;;;;;6;23;;;;;;;;233;426;;X;;;;;;;;X;;X;;X;X;;Les programme partiels B1-B2 est utilisé en association avec Cliniques Universitaires St. Luc, Bruxelles (403);;;;;;;X;;X;;;;;X;X;;;;;X;;X;X;;X;;;;X;X;Exploité en alternance avec C.H.U. Psychiatrique de Mons-Borinage (254);X;X;X;;;;;;;2016-12-12 00:00:00
266;SS;2720;CHR MONS - HAINAUT;WARQUIGNIES;RUE DES CHAUFOURS 27;7300;BOUSSU;065/38.55.11;;F;W;Hainaut;Mons;;;;;;30;6;32;;72;;;;;;;;;27;26;;;;;;;;;;193;;;X;X (1);;;;;;;X;;;;X;X;;;;;;;;;X;;;;;;;;X;;;;;;;X;;X;;;;;X;X;Exploité en alternance avec C.H. EpiCura - Site Hornu (410);;X;X;;;X (6 lits);;;;
290;SP;1630;ALGEMEEN ZIEKENHUIS ST. LUCAS ;ST. LUCAS;GROENEBRIEL 1;9000;GENT;09/224.61.11;www.azstlucas.be;N;V;Oost-Vlaanderen;Gent - Eeklo;Algemeen ziekenhuis;Privaat;30;13;;191;;214;35;57;;;;;;62;;23;;;;;;;;;;;;625;785;"5 a1- plaatsen worden uit exploitatie genomen in functie van het project 107 ""het PAKT""";X (2);X (2);;X;X;;;;X;;X;;;X;;Deelprogramma B1-B2 wordt uitgebaat in associatie met Universitair Ziekenhuis, Gent (670);;;X;;;;X;X;;;;;;X;X;X;X;X;X;X;;X;X;X;X;;;;X;X;Exploitatie via alternerende werking met A.Z. Jan Palfijn, Gent;;X;X;;;;;;;2016-12-20 00:00:00
290;SS;1640;ALGEMEEN ZIEKENHUIS ST. LUCAS;VOLKSKLINIEK;TICHELREI 1;9000;GENT;09/224.56.11;;N;V;Oost-Vlaanderen;Gent - Eeklo;;;;;;;;;;68;;;;;;;;;;50;12;30;;;;;;;;160;;;X;;;;;;;;;;;;;;;;;;;;;X;;;;;;;;;X;X;;;;;;;;;;;;X;;;;X;X;X;;;;;;;2016-12-20 00:00:00
300;SP;4220;UNIVERSITAIR ZIEKENHUIS ANTWERPEN;;WILRIJKSTRAAT 10;2650;EDEGEM;03/821.30.00;www.uza.be;N;V;Antwerpen;Antwerpen;Universitair ziekenhuis;Privaat;;;;246;;250;38;;;;;;;20;19;;;;;;;;;;;;;573;;Associatie met het PZ St. Norbertus, Duffel mbt de gezamelijke exploitatie van 90 A- bedden met korte verblijfsduur gericht op psychose angst en depressie en wachtdienst, deze diensten zijn gevestigd in het PZ St. Norbertus, Stationsstraat 22C te 2570 Duffel. De dienst ambulante consultatie psychiatrie, het universitair forensisch centrum, de crisis- en liaisonpsychiatrie en de psychiatrische wachtdienst zijn gelokaliseerd in het UZA, Edegem;X;X (3);X;X Associatie met Ziekenhuisnetwerk Antwerpen (009) en Iridium Kankernetwerk Antwerpen;X;X;X;;X;X;;;X;X;X;;;;;X;;;X (Associatie met Az Monica, Antwerpen 682);X;;X;;;;X;;;;;;X;;X;X;X;X;X;;;X;X;;X;X;X;X;;;X;;;2016-12-08 00:00:00
308;SP;1250;ALGEMEEN ZIEKENHUIS HERENTALS;;NEDERRIJ 133;2200;HERENTALS;014/24.61.11;www.azherentals.be;N;V;Antwerpen;Geel;Algemeen ziekenhuis;Privaat;;;;84;;70;15;24;;;;;;20;;;30;;;;;;;;;;;243;;;X;X (1) ;;;;;;;X;;;;;X;;;;;;;;X;;Associatie met het A.Z. Turnhout (063);;;;;;X;X;X;X;X;X;X;;X;X;X;X;;;;X;X;;X;X;X;;;;;;;
310;SP;1980;ALGEMEEN ZIEKENHUIS ST. AUGUSTINUS;;IEPERSE STEENWEG 100;8630;VEURNE;058/33.31.11;www.azsav.be;N;V;West-Vlaanderen;Oostende;Algemeen ziekenhuis;Privaat;30;;;61;;50;17;48;;;;;;18;;;;;;;;;;;;;;224;;;X;X (1);;;;;;;X;;;;;X;;;;;;;;X;;;;;;;;X;X;X;X;X;X;X;;X;X;X;X;;;;X;X;;X;X;X;;;;;;;
314;SP;1270;ALGEMEEN ZIEKENHUIS HEILIGE FAMILIE;;'S HERENBAAN 172;2840;REET;03/880.90.11;www.hfr.be;N;V;Antwerpen;Mechelen;Algemeen ziekenhuis;Privaat;;;;86;;62;;48;;;;;;11;;;;;;;;;;;;;;207;;;X;X (1);;;;;;;X;;;;;X;;;;;;;;X;;;;;;;;;X;X;X;X;X;X;;X;;X;X;;;;X;;;X;X;X;;;;;;;
322;SP;4230;UNIVERSITAIRE ZIEKENHUIZEN K.U.L.;GASTHUISBERG;HERESTRAAT 49;3000;LEUVEN;016/33.22.11;www.uzleuven.be;N;V;Vlaams-Brabant;Leuven;Universitair ziekenhuis;Privaat;;;;473;6;591;128;84;;40;15;;8;65;35;;;;;;;;;;;;;1445;1764;De 40 K- bedden & 15 k(d) plaatsen worden uitgebaat in associatie met Universitair Centrum St. Jozef te Kortenberg (943);X;X (4);X;X;X;X;X;X;X;X;;X;X;X;X;;;;;X;;;X;X;;;;;;X;X;X;X;X;X;X;Associatie met Nationaal Multiple Sclerose Centrum, Melsbroek (E/693);X;X;X;X;X;X;;X;X;;;X;X;X;;;;;;
322;SS;4260;UNIVERSITAIRE ZIEKENHUIZEN K.U.L.;STADSCAMPUS;BRUSSELSESTRAAT 69;3000;LEUVEN;016/34.49.00;;N;V;Vlaams-Brabant;Leuven;;;;;;30;;;;17;;;;;;;;;;;9;;;;;;;;;56;;;;;;;;;;;;;;;;;;;;;;;;X;;;;;;;;;X;;;;;;;;;;;;;;;;;X;X;;;;;;;;
322;SS;4270;UNIVERSITAIRE ZIEKENHUIZEN K.U.L.;ST. BARBARA;WELIGERVELD 1;3212;PELLENBERG;016/33.22.11;;N;V;Vlaams-Brabant;Leuven;;;;;;133;;24;;34;;;;;;;;;72;;;;;;;;;;;263;;;X;;;;;;;;;;;;;;;;;;;;;X;;;;;;;;;X;X;;;;;;;;;;;;;;;;;X;X;;;X (5 bedden);;;;
325;SP;2750;C.H. UNIVERSITAIRE ANDRE VESALE;ANDRE VESALE;RUE DE GOZEE 706;6110;MONTIGNY-LE-TILLEUL;071/92.15.11;www.chu-charleroi.be;F;W;Hainaut;Charleroi;Hôpital général à caractère universitaire;Public;;;;71;65;152;15;78;;;;;;20;;;;;;20;;;;;;;;421;594;;X;X (1);;X;X;;;;X;;;;X;X;;;;;;;;;X;;;X;;;;X;X;;;;;X;Association avec C.H.U. de Charleroi (A/718);X;X;X;X;;;;X;X;;X;X;X;;;;;;X Association avec CHU Charleroi (718);2016-12-14 00:00:00
325;SS;VH12;C.H. UNIVERSITAIRE ANDRE VESALE;LEONARD DE VINCI;RUE DE GOZEE 706;6110;MONTIGNY-LE-TILLEUL;071/92.38.73;;F;W;Hainaut;Charleroi;;;;;;;;;;;;;;;;;;45;25;95;8;;;;;;;;;173;;;;;;;;;;;;;;;;;;;;;;;;;;;;;;;;;;;;;;;;;;;;;;;;;;;;;;;X (5 lits);;;;
332;SP;1740;C.H. INTERREGIONAL EDITH CAVELL;EDITH CAVELL;RUE EDITH CAVELL 32;1180;BRUXELLES-18;02/434.41.11;www.chirec.be;B;B;Brussel-Bruxelles;Bruxelles - Brussel;Algemeen ziekenhuis - Hôpital général;Privaat - Privé;;;;30;72;30;20;24;;;;;;50;15;;20;;;;;;;;;;;261;438;;X;X (1);X  (Association Bruxelles Pet-Scan Brussel);X;X;;;;X;;;;;X;;;;;X;;;;X;X;;;;;;X;;;;;;X;;X;;X;X;;;;X;;;X;X;X;;X;;;;;
332;SS;1750;C.H. INTERREGIONAL EDITH CAVELL;PARC LEOPOLD;RUE FROISSART 38;1040;BRUXELLES--4;02/434.51.11;;B;B;Brussel-Bruxelles;Bruxelles - Brussel;;;;;;;100;30;;24;;;;;;;;;23;;;;;;;;;;;177;;;X;;;;;;;;X;;;;;X;;;;;;;;X;;;;;;;;;;;;;;;;X;;X;;;;X;;;;;X;X;;X;;;;;2016-12-14 00:00:00
346;SP;1710;CENTRES HOSPITALIERS JOLIMONT;HOPITAL NIVELLES;RUE SAMIETTE 1;1400;NIVELLES;067/88.52.11;www.jolimont.be;F;W;Brabant Wallon;Brabant Wallon;Hôpital général;Privé;;;;30;;45;15;39;;;;;;15;;;;;;;;;;;;;;144;228;;X;;;;;;;;X;;;;;X;;;;;;;;X;;;;;;;;X;X;;;;;X;;X;;X;X;;;;X;X;;X;X;X;;;;;;;,
346;SS;1720;CENTRES HOSPITALIERS JOLIMONT;HOPITAL TUBIZE;AVENUE DE SCANDIANO 8;1480;TUBIZE;02/391.01.30;;F;W;Brabant Wallon;Ath - Soignies;;;;;;30;;30;;24;;;;;;;;;;;;;;;;;;;;84;;;X;;;;;;;;X;;;;;;;;;;;;;X;;;;;;;;;X;;;;;;;;;;;;;;X;X;;;X;X;;;;;;;2016-12-15 00:00:00
371;SP;3560;ZIEKENHUIS OOST - LIMBURG;ST. JAN;SCHIEPSE BOS 6;3600;GENK;089/32.50.50;www.zol.be;N;V;Limburg;Hasselt - Genk;Algemeen ziekenhuis met universitair karakter;Openbaar;30;12;;207;;214;25;96;;;;;;60;17;;;;9;;;;;;;;;670;811;;X;X (2);Associatie met Jessaziekenhuis, Hasselt (243);X Associatie met Jessaziekenhuis, Hasselt (243);X;;;;X;X;;;X;X;;;;;;X;Associatie met Jessaziekenhuis, Hasselt;;X;X;;;;;;X;X;X;X;X;X;X;;X;X;X;X;X;;;X;X;;X;X;X;;;;;;;
371;SS;3040;ZIEKENHUIS OOST - LIMBURG;ST.-BARBARA;BESSEMERSTRAAT 478;3620;LANAKEN;089/32.50.50;;N;V;Limburg;Hasselt - Genk;;;;;;34;;25;;30;;;;;;;;;22;;;;30;;;;;;;141;;;X;;;;;;;;;;;;;;;;;;;;;X;;;;;;;;;X;X;;;;;;;;;;;;X;;;;;X;X;;;;;;;2016-12-13 00:00:00
378;SP;1970;ST.-REMBERTZIEKENHUIS V.Z.W.;;ST.-REMBERTLAAN 21;8820;TORHOUT;050/23.21.11;www.azstrembert.be;N;V;West-Vlaanderen;Roeselare;Algemeen ziekenhuis;Privaat;;;;44;;56;15;58;;;;;;18;;;20;;;;;;;;;;;211;;;X;Associatie met AZ Zeno, Knokke-Heist (392) en AZ St. Augustinus Veurne (310);;;;;;;X;;;;;X;;;;;;;;X;;;;;;;;X;X;X;X;X;X;X;;X;X;X;X;;;;X;X;;X;X;X;;;;;;;
392;SP;1030;ALGEMEEN ZIEKENHUIS ZENO;KNOKKE-HEIST;GRAAF JANSDIJK 162;8300;KNOKKE-HEIST;050/63.31.11;www.azzeno.be;N;V;West-Vlaanderen;Brugge;Algemeen ziekenhuis;Privaat;30;;;44;;53;15;24;;;;;;13;;;;;;;;;;;;;;179;334;;X;X (1);;;;;;;X;;;;;X;;;;;;;;X;;;;;;;;X;X;X;X;X;X;X;;X;X;X;X;;;;X;X;;X;X;X;;;;;;;
392;SS;1040;ALGEMEEN ZIEKENHUIS ZENO;BLANKENBERGE;DR. VERHAEGHESTRAAT 1;8370;BLANKENBERGE;050/43.41.11;;N;V;West-Vlaanderen;Brugge;;;;;;41;;47;;27;;;;;;;;20;20;;;;;;;;;;;155;;;X;;;;;;;;X;;;;;;;;;;;;;X;;;;;;;;;X;X;X;;;;;X;X;X;;;;;X;X;;;X;X;;;;;;;
395;SP;1170;ST.-ANDRIESZIEKENHUIS;;BRUGGESTRAAT 84;8700;TIELT;051/42.51.11;www.sintandriestielt.be;N;V;West-Vlaanderen;Roeselare;Algemeen ziekenhuis;Privaat;30;;;75;;75;20;48;;;;;;18;;;;;;;;;;;;;;266;;;X;X (1) Associatie met A.Z. Delta, Roeselare (117);;;;;;;X;;;;;X;;;;;;;;;X;;;Associatie met AZ Delta Roeselare (117);;;;X;X;X;X;X;X;X;;X;X;X;X;;;;X;X;;X;X;X;;;;;;;
396;SP;1090;ALGEMEEN ZIEKENHUIS GROENINGE;KENNEDYLAAN;PRESIDENT KENNEDYLAAN 4;8500;KORTRIJK;056/63.63.63;www.azgroeninge.be;N;V;West-Vlaanderen;Kortrijk;Algemeen ziekenhuis;Privaat;;;;96;;126;48;;;;;;;48;;;;;;;;;;;;;;318;1054;;X;X (2);;;;;;;X;;;;;;;;;;X;;;X;;;;;;;;X;;X;;X;X;X;;X;;X;X;;;;;;;;X;X;;;;;;;2016-12-06 00:00:00
396;SS;1060;ALGEMEEN ZIEKENHUIS GROENINGE;REEPKAAI;REEPKAAI 4;8500;KORTRIJK;056/63.63.63;;N;V;West-Vlaanderen;Kortrijk;;;;;;;;;;120;;;;;;;;25;30;;10;60;;;;;;;;245;;;X;;X;;;;;;X;;;;;;;;;;;;;X;;;;;;;;;X;X;X;;;;;;;X;;;;;;;;X;;;;;;;;;2016-12-06 00:00:00
396;SS;1070;ALGEMEEN ZIEKENHUIS GROENINGE;LOOFSTRAAT ;LOOFSTRAAT 43;8500;KORTRIJK;056/63.63.63;;N;V;West-Vlaanderen;Kortrijk;;;;;;96;;212;;;;;;;;;;;;;;;;;;;;;;308;;;X;;;X;X;;;;X;;X;;X;X;;Deelprogramma B1-B2 wordt uitgebaat in associatie met A.Z. Maria Middelares te Gent (017);;;;;;;X;X;;;;;;;;X;;;;;;X;X;X;;;;;X;X;;;X;X;;;;;;;
396;SS;1050;ALGEMEEN ZIEKENHUIS GROENINGE;VERCRUYSSELAAN;BURG. VERCRUYSSELAAN 5;8500;KORTRIJK;056/63.63.63;;N;V;West-Vlaanderen;Kortrijk;;;60;18;;75;;;;;;;;;;;;;;;;;30;;;;;;;183;;;X;;;;;;;;X;;;;;;;;;;;;;X;;;;;;;;;;X;;;;;;;;X;;;;;;;;;X;X;;;;;;;2016-12-06 00:00:00
397;SP;1990;O.L.V. VAN LOURDES ZIEKENHUIS WAREGEM;;VIJFSEWEG 150;8790;WAREGEM;056/62.31.11;www.ziekenhuiswaregem.be;N;V;West-Vlaanderen;Kortrijk;Algemeen ziekenhuis;Privaat;30;;;58;;67;22;48;;;;;;22;;;20;;;;;;;;;;;267;;;X;;;;;;;;X;;;;;X;;;;;;;;;X;;X;;;;;X;X;X;X;X;X;X;;X;X;X;X;;;;X;;;X;X;X;;;;;;;
403;SP;4190;CLINIQUES UNIVERSITAIRES ST.-LUC;;AVENUE HIPPOCRATE 10;1200;BRUXELLES-20;02/764.11.11;www.saintluc.be;F;B;Brussel-Bruxelles;Bruxelles - Brussel;Universitair ziekenhuis - Hôpital universitaire;Privaat - Privé;24;;;345;;357;99;48;;5;15;;;36;22;;28;;;;;;;;;;;979;;;X;X (3);X;X;X;X;X;;X;X;;X;X;X;X;;;;;X;;;X;X;;;;;;X;X;;;;;X;;X;X;X;X;X;X;;X;X;;X;X;X;X;;;;;;
406;SP;4210;CLINIQUES UNIVERSITAIRES DE BRUXELLES - HOPITAL ERASME;ERASME;ROUTE DE LENNIK 808;1070;BRUXELLES--7;02/555.31.11;www.hopitalerasme.be;F;B;Brussel-Bruxelles;Bruxelles - Brussel;Universitair ziekenhuis - Hôpital universitaire;Privaat - Privé;50;;;337;39;311;15;24;;20;;;;27;21;;;20;;;;;;;;;;864;1076;;X;X (3);X;;X;X;X;;X;X;;;X;X;X;Association programme B3 avec CHU Tivoli, La-Louviere (096);;;;X;;;X;X;;;;;;X;X;;;;;X;;X;X;X;X;;;;X;X;;X;X;X;X;;;;;;
406;SS;2390;CLINIQUES UNIVERSITAIRES DE BRUXELLES - HOPITAL ERASME;CTR;PLACE A. VAN GEHUCHTEN 4;1020;BRUXELLES--2;02/475.12.11;www.ctrbxl.eu;F;B;Brussel-Bruxelles;Bruxelles - Brussel;;;;;;;;;;;;;;;;;;;29;88;;;;;;;;;;117;;;;;;;;;;;;;;;;;;;;;;;;;;;;;;;;;;;;;;;;;;;;;;;;;;;;;;;X (6 lits);;;;
406;SS;2380;CLINIQUES UNIVERSITAIRES DE BRUXELLES - HOPITAL ERASME;HOPITAL DE REVALIDATION GERIATRIQUE;RUE DE LA CHARRETTE 27;1200;BRUXELLES-20;02/777.75.11;;F;B;Brussel-Bruxelles;Bruxelles - Brussel;;;;;;;;;;95;;;;;;;;;;;;;;;;;;;;95;;;;;;;;;;;;;;;;;;;;;;;;;;;;;;;;;X;;;;;;;;;;;;;;;;;;;;;;;;;;
409;SP;3350;CLINIQUE NOTRE-DAME DE GRACE;;CHAUSSEE DE NIVELLES 212;6041;GOSSELIES;071/37.90.00;www.cndg.be;F;W;Hainaut;Charleroi;Hôpital général;Privé;;;;50;10;46;22;54;;;;;;24;;;;;;20;;;;;;;;226;;;X;Assocation avec Grand Hôpital de Charleroi (010);;;;;;;X;;;;X;X;;;;;;;;;X;;;;;;;X;X;;;;;X;;X;X;X;X;;;;X;X;;X;X;X;;;;;;;
410;SP;3380;CENTRE HOSPITALIER EPICURA;HORNU;ROUTE DE MONS 63;7301;HORNU;065/71.31.11;www.epicura.be;F;W;Hainaut;Mons;Hôpital général;Privé;30;10;;95;8;124;20;;;;;;;20;;;24;;;;;;;;;;;331;639;;X;X (1);;;X;;;;X;;X;;X;X;;Les programmes partiels B1-B2 est utilisé en association avec Grand Hôpital de Charleroi, Gilly (010);;;;;;;X;X;;;;;;X;;;;;;X;;X;X;X;;;;;X;X;Exploité en alternance avec  CHR Mons - Hainaut (site Warquignies) à Boussu;X;;;;;;;;;
410;SS;3390;CENTRE HOSPITALIER EPICURA;FRAMERIES;RUE DE FRANCE 2;7080;FRAMERIES;065/61.22.11;;F;W;Hainaut;;;;;;;;;;;;;;;;;;;;;;;;;;;;;;;;;;;;;;;;;;;;;;;;;;;;;;;;;;;;;;;;;;;;;;;;;;;;;;;;;;X;;;;;;;;
410;SS;3060;CENTRE HOSPITALIER EPICURA;BAUDOUR;RUE LOUIS CATY 136;7331;BAUDOUR;065/76.81.11;;F;W;Hainaut;Mons;;;;;;61;39;60;10;92;;;;;;22;;;24;;;;;;;;;;;308;;;X;;;X;X;;;;X;;;;;;;;;;;;;;X;;;;;;;X;X;;;;;;;X;X;X;X;;;X;;;;;X;;;;;;;;
412;SP;3410;CENTRE HOSPITALIER REGIONAL DE LA CITADELLE;CITADELLE;BOULEV. DU 12E DE LIGNE 1;4000;LIEGE;04/225.61.11;www.chrcitadelle.be;F;W;Liège;Liège;Hôpital général à caractère universitaire;Public;62;;;214;76;242;80;123;;20;;;;53;25;;;;;;;;;;;;;895;935;;X;X (2);;;X;;;;X;X;;;X;X;;;;;;X;;;X;X;;;;;;X;X;;;;;X;;X;X;X;X;X;X;;X;X;;X;X;X;;;;;;;
412;SS;3430;CENTRE HOSPITALIER REGIONAL DE LA CITADELLE;CHATEAU ROUGE;RUE DU GRAND PUITS 47;4040;HERSTAL;04/240.59.05;;F;W;Liège;Liège;;;;;;;;20;;;;;;;;;;;20;;;;;;;;;;;40;;;;;;;;;;;;;;;;;;;;;;;;;;;;;;;;;;;;;;;;;;;;;;;;;;;;;;;;;;;
499;SP;2270;REVALIDATIEZIEKENHUIS INKENDAAL;;INKENDAALSTRAAT 1;1602;VLEZENBEEK;02/531.51.11;www.inkendaal.be;N;V;Vlaams-Brabant;Halle;Gespecialiseerd ziekenhuis;Privaat;;;;;;;;;;;;;;;;25;30;123;;;;;;;;;;178;;;;;;;;;;;;;;;;;;;;;;;;;;;;;;;;;;;;;;X;;;;;;;;;;;;X;;;;;X (19 bedden);;;;
525;SP;1940;ALGEMEEN ZIEKENHUIS DAMIAAN;;GOUWELOZESTRAAT 100;8400;OOSTENDE;059/41.40.40;www.azdamiaan.be;N;V;West-Vlaanderen;Oostende;Algemeen ziekenhuis;Privaat;55;5;;101;;132;33;102;;;;;;25;;;20;20;6;;24;;;;;;;523;;;X;X (1);;;;;;;X;;X;;X;X;;Deelprogramma B1-B2 wordt uitgebaat in associatie met A.Z. Maria Middelares, Gent (017);;;;;;;X;X;;;;;;X;X;X;X;X;X;X;;X;X;X;X;;;;X;X;Exploitatie via alternerende werking met het A.Z. St. Jan Brugge-Oostende (campus Henri Serruys);X;X;X;;;;;;;
528;SP;2170;GEZONDHEIDSZORG HEILIGE FAMILIE;;GROENINGEPOORT 4;8500;KORTRIJK;056/24.52.11;www.pzhfamilie.be;N;V;West-Vlaanderen;Kortrijk;Psychiatrisch ziekenhuis;Privaat;75;15;;;;;;;;24;1;5;;;;;;;;;;;;;;;;120;;;;;;;;;;;;;;;;;;;;;;;;;;;;;;;;;;;;;;X;;;;;;;;;;;;;;;;;;;;;
534;SP;2810;CENTRE HOSPITALIER DE WALLONIE PICARDE - Chwapi;NOTRE-DAME;AVENUE DELMEE 9;7500;TOURNAI;069/25.81.11;www.chwapi.be;F;W;Hainaut;Tournai - Mouscron;Hôpital général;Privé;;;;60;75;30;;;;;;;;;;;52;;;;;;;;;;;217;795;;X;X (1);;;;;;;X;;X;;X;X;;Les programmes partiels B1-B2 est utilisé en association avec CHU Dinant-Godinne, Mont-Godinne Agr/039;;;X;;;;X;X;;;;;;;;;;;;X;;X;X;X;;;;;;;;X;X;X;;;;;;;
534;SS;2830;CENTRE HOSPITALIER DE WALLONIE PICARDE - Chwapi;UNION;RUE DES SPORTS 51;7500;TOURNAI;069/33.11.11;;F;W;Hainaut;Tournai - Mouscron;;;30;;;90;21;120;30;48;;;;;;40;;22;;22;6;;;;;;;;;429;;;X;X (1);;;;;;;;;;;;;;;;;;;;;X;;;;;;;X;X;;;;;;;X;;X;X;;;;;;;;X;;;;X (5 lits);;;;2016-12-15 00:00:00
534;SS;3090;CENTRE HOSPITALIER DE WALLONIE PICARDE - Chwapi;IMC;CHAUSSEE ST.-AMAND 80;7500;TOURNAI;069/88.51.11;;F;W;Hainaut;Tournai - Mouscron;;;;;;;43;;;48;;;;;;;;;;;6;22;30;;;;;;;149;;;X;;;;X;;;;;;;;;;;;;;;;;;X;;;;;;;;;;;;;;;;;;;;;;;;;;X;;;;;;;;
536;SP;2090;ALGEMEEN ZIEKENHUIS ST.-JOZEF;;OUDE LIERSEBAAN 4;2390;MALLE;03/380.20.11;www.azsintjozef.be;N;V;Antwerpen;Voorkempen;Algemeen ziekenhuis;Privaat;;;;68;;95;20;32;;;;;;15;;;20;;;;;;;;;;;250;;;X;X (1);;Associatie met Iridium Kankernetwerk Antwerpen;X;;;;X;;;;;X;;;;;;;;X;;Associatie met A.Z. Klina Brasschaat (710);;;;;;X;X;X;X;X;X;X;;X;X;X;X;;;;X;X;;X;X;X;;;;;;;
547;SP;2630;VALISANA ASBL;SANATIA;RUE DU MOULIN 27 - 29;1210;BRUXELLES;02/211.00.40;www.valida.be;B;B;Brussel-Bruxelles;Bruxelles - Brussel;Algemeen ziekenhuis - Hôpital général;Privaat - Privé;70;30;;;;;;;;;;;;;;;;;;;;;;;;;;100;275;;;;;;;;;;;;;;;;;;;;;;;;;;;;;;;;;;;;;X;;;;;;;;;;;;;;;;;;;;;
547;SS;1490;VALISANA ASBL;VALIDA;AVENUE JOSSE GOFFIN 180;1082;BRUXELLES--8;02/482.40.00;;B;B;Brussel-Bruxelles;Bruxelles - Brussel;;;;;;;;;;90;;;;;;;;;85;;;;;;;;;;;175;;;;;;;;;;;;;;;;;;;;;;;;;;;;;;;;;;;;;;;;;;;;;;;;;;;;;;;;;;;
550;SP;1680;ALGEMEEN ZIEKENHUIS GLORIEUX;;GLORIEUXLAAN 55;9600;RONSE;055/23.30.11;www.azglorieux.be;N;V;Oost-Vlaanderen;Oudenaarde;Algemeen ziekenhuis;Privaat;30;7;;74;;71;18;90;;;;;;15;;;35;;6;;;;;;;;;346;;;X;X (1);;;X;;;;X;;;;;X;;;;;;;;;X;;;;;;;X;X;X;X;X;X;X;;X;X;X;X;;;;X;X;;X;X;X;;;;;;;
595;SP;1860;ALGEMEEN ZIEKENHUIS NIKOLAAS;SINT-NIKLAAS;MOERLANDSTRAAT 1;9100;SINT-NIKLAAS;03/760.60.60;www.aznikolaas.be;N;V;Oost-Vlaanderen;Sint-Niklaas;Algemeen ziekenhuis;Privaat;;;;241;;212;35;50;;17;3;;;57;;;;;;;;;;;;;;615;810;;X (2);X (1);;X  (Iridium Kankernetwerk Antwerpen);X;;;;X;;X;;;X;;Deelprogramma B1-B2 wordt uitgebaat in associatie met het globale zorgprogramma B3 van het Universitair Ziekenhuis, Gent (670);;;X;;;;X;X;;;;;;X;X;X;X;X;X;X;;X;X;X;X;;;;X;X;;;X;X;;;;;;;
595;SS;1870;ALGEMEEN ZIEKENHUIS NIKOLAAS;BEVEREN-WAAS;OUDE ZANDSTRAAT 99;9120;BEVEREN;03/760.50.11;;N;V;Oost-Vlaanderen;Sint-Niklaas;;;;;;;;;;48;;;;;;;;;26;;8;;;;;;;;;82;;;X;;;;;;;;;;;;;;;;;;;;;X;;;;;;;;;X;X;;;;;;;;X;;;;;;;;X;X;X;;;;;;;
595;SS;1880;ALGEMEEN ZIEKENHUIS NIKOLAAS;TEMSE;GASTHUISSTRAAT 5;9140;TEMSE;03/780.40.11;;N;V;Oost-Vlaanderen;Sint-Niklaas;;;30;15;;;;;;24;;;;;;;;;;;;;;;;;;;;69;0;;X;;;;;;;;X;;;;;X;;;;;;;;X;;;;;;;;;X;X;;;;;;;;X;;;;;;;;;X;X;;;;;;;
595;SS;1700;ALGEMEEN ZIEKENHUIS NIKOLAAS;HAMME;HOSPITAALSTRAAT 24;9220;HAMME;052/50.56.11;;N;V;Oost-Vlaanderen;Dendermonde;;;;;;;;;;24;;;;;;;;;20;;;;;;;;;;;44;;;;;;;;;;;;;;;;;;;;;;;;;;;;;;;;;X;;;;;;;;;X;;;;;;;;;X;X;;;;;;;
670;SP;3850;UNIVERSITAIR ZIEKENHUIS GENT;;DE PINTELAAN 185;9000;GENT;09/332.21.11;www.uzgent.be;N;V;Oost-Vlaanderen;Gent - Eeklo;Universitair ziekenhuis;Openbaar;76;10;;401;;364;72;30;;15;5;;;31;32;;20;;6;;;;;;;;;1062;;Associatie mbt de gezamelijke exploitatie van het zorgprogramma geriatrische patiënt met het St. Vincentiusziekenhuis, Deinze;X;X (3);X;X;X;X;X;X;X;X;;X;X;X;X;;;;;X;;;X;X;;;;;;X;X;X;X;X;X;X;;X;X;X;X;X;X;;X;X;;X;X;X;X;;X (6 bedden);;;;2016-12-23 00:00:00
676;SP;3490;KONINGIN ELISABETH INSTITUUT;;DE WITTELAAN 1;8670;OOSTDUINKERKE;058/22.11.22;www.kei.be;N;V;West-Vlaanderen;Oostende;Gespecialiseerd ziekenhuis;Privaat;;;;;;;;;;;;;;;;20;60;50;;;35;;;;;;;165;;;;;;;;;;;;;;;;;;;;;;;;;;;;;;;;;;;;;;X;;;;;;;;;;;;;;;;;;;;;
679;SP;3520;BUNDELING ZORGINITIATIEVEN OOSTENDE;REVALIDATIECENTRUM IMBO;ZEEDIJK 286-288;8400;OOSTENDE;059/70.51.81;www.bzio.be;N;V;West-Vlaanderen;Oostende;Gespecialiseerd ziekenhuis;Privaat;;;;;;;;;;;;;;;;;125;;;;;;;;;;;125;;;;;;;;;;;;;;;;;;;;;;;;;;;;;;;;;;;;;;X;;;;;;;;;;;;;;X;;;;;;;
682;SP;1210;A.Z. MONICA;DEURNE;FLORENT PAUWELSLEI 1;2100;DEURNE;03/320.50.00;www.azmonica.be;N;V;Antwerpen;Antwerpen;Algemeen ziekenhuis;Privaat;;;;96;;80;16;48;;;;;;25;;;;;;;;;;;;;;265;466;;X;X (1);;Associatie met Iridium Kankernetwerk Antwerpen ;;;;;X;;X;;X;X;;Deelprogramma B1-B2 wordt uitgebaat in associatie met U.Z. Antwerpen, Edegem (300);;;;;;;X (Associatie met Universitair Ziekenhuis Antwerpen Edegem 300);X;;;;;;X;X;X;X;X;X;X;;X;X;;X;;;;X;X;Exploitatie via alternerende werking met het ZNA (campus  Stuivenberg) Antwerpen en GZA- Ziekenhuizen (Campus St. Vincentius) Antwerpen;X;X;X;;;;;;;2016-12-27 00:00:00
682;SS;1220;A.Z. MONICA;ANTWERPEN;HARMONIESTRAAT 68;2018;ANTWERPEN-1;03/240.20.20;;N;V;Antwerpen;Antwerpen;;;30;;;39;;27;;24;;;;;;;;;81;;;;;;;;;;;201;;;X;;;;X;;;;X;;;;;X;;;;;;;;X ( Associatie met Universitair Ziekenhuis Antwerpen Edegem 300);;;;;;;;;X;X;X;;;;;X;;;;;;X;;;;;X;X;;;;;;;2016-12-27 00:00:00
689;SP;2040;IMELDA  ZIEKENHUIS;;IMELDALAAN 9;2820;BONHEIDEN;015/50.50.11;www.imelda.be;N;V;Antwerpen;Mechelen;Algemeen ziekenhuis;Privaat;30;;;142;;169;20;69;;;;;;32;;;;20;;20;;;;;;;;502;;;X;X (1);;;X;;;;X;X;;;X;X;;;;;X;;;;X;X;;;;;;X;X;X;X;X;X;X;;X;X;X;X;;;;X;X;;X;X;X;;;;;;;2016-12-14 00:00:00
693;SP;2260;NATIONAAL MULTIPLE SCLEROSE CENTRUM Vzw;;VANHEYLENSTRAAT 16;1820;MELSBROEK;02/597.80.00;www.mscenter.be;N;V;Vlaams-Brabant;Vilvoorde - Dilbeek;Gespecialiseerd ziekenhuis;Privaat;;;;;;;;;;;;;;;;;;120;;;;;;;;;;120;;;;;;;;;;;;;;;;;;;;;;;;;;;;;;;;;;;;;;X;Associatie met Universitaire Ziekenhuizen K.U.L., Leuven (E/322);;;;;;;;;;;X;;;;;;;;;
706;SP;3340;CLINIQUE ST.-LUC;;RUE SAINT LUC 8;5004;BOUGE;081/20.91.11;www.st-luc-bouge.be;F;W;Namur;Namur - Dinant;Hôpital général;Privé;30;;;120;32;90;;30;;;;;;;;;;;;;;;;;;;;302;;;X;X (1);;;;;;;X;X;;;X;X;;Association programme B3 avec CHR Sambre et Meuse, Namur (006);;;;;;;X;;;;;;;;X;;;;;X;;X;;X;;;;;X;;;X;X;X;;;;;;;
707;SP;3860;CENTRE HOSPITALIER UNIVERSITAIRE DE LIEGE;SART-TILMAN;DOM.UNIV. SART-TILMAN BAT.35;4000;LIEGE-1 (SART-TILMAN);04/242.52.00;www.chuliege.be;F;W;Liège;Liège;Hôpital universitaire;Public;;;;272;42;281;;;;;;;;;;;;;;;;;;;;;;595;888;;X;X (2);X;X;X;X;X;X;X;X;;;X;X;X;;;;;;;;X;X;;;;;;;;;;;;X;;X;X;X;;;;;X;;;X;X;X;X;;;;;;2016-12-21 00:00:00
707;SS;2840;CENTRE HOSPITALIER UNIVERSITAIRE DE LIEGE;NOTRE-DAME DES BRUYERES;RUE DE GAILLARMONT 600;4032;CHENEE;04/242.52.00;;F;W;Liège;Liège;;;;;;72;7;46;23;60;;;;;;25;;20;;;;;;;;;;;;253;;;X;X (1);;;;;;;;;;;;;;;;;;;;;;;;;;;;X;X;;;;;;;X;;;X;;;;X;X;;;X;;;;;;;;2016-12-21 00:00:00
707;SS;3870;CENTRE HOSPITALIER UNIVERSITAIRE DE LIEGE;OURTHE-AMBLEVE;RUE GRANDFOSSE 31-33;4130;ESNEUX;04/242.52.00;;F;W;Liège;Liège;;;;;;;;;;;;;;;;;;;20;20;;;;;;;;;;40;;;;;;;;;;;;;;;;;;;;;;;;;;;;;;;;;;;;;;;;;;;;;;;;;;;;;;;;;;;
709;SP;2690;ALGEMEEN ZIEKENHUIS  ST.-DIMPNA;;J.B. STESSENSSTRAAT 2;2440;GEEL;014/57.77.77;www.azstdimpna.be;N;V;Antwerpen;Geel;Algemeen ziekenhuis;Openbaar;;;;81;;100;15;45;;;;;;23;;;30;;;;;;;;;;;294;;De 30 S2- bedden worden uitgebaat in associatie met het Heilig Hartziekenhuis, Mol;X;X (1);;;;;;;X;;;;;X;;Associatie met UZ Antwerpen, Edegem m.b. t. het cardiale zorgprogramma B3 en met de GZA- Ziekenhuizen, Wilrijk & Monica, Deurne voor het deelprogramma B1-B2;;;;;;;X;;;X;;;;X;X;X;;;X;X;;X;X;;X;;;;X;X;;X;X;;;;;;;;2016-12-26 00:00:00
710;SP;3450;ALGEMEEN ZIEKENHUIS KLINA V.Z.W.;KLINA;AUGUSTIJNSLEI 100;2930;BRASSCHAAT;03/650.50.50;www.klina.be;N;V;Antwerpen;Voorkempen;Algemeen ziekenhuis;Privaat;50;;;157;;138;18;48;;;;;;40;;;;;;;;;;;;;;451;581;;X;X (1);;X (Iridium Kankernetwerk Antwerpen);Associatie met A.Z. St. Jozef te Malle ;;;;X;;;;;X;;;;;X;;;;X;X;;;;;;X;X;X;X;X;X;X;;X;X;X;X;;;;X;X;Exploitatie via alternerende werking met ZNA (Jan Palfijn) Antwerpen;X;X;X;;;;;;;
710;SS;6050;ALGEMEEN ZIEKENHUIS KLINA V.Z.W.;CODA HOSPICE;BREDABAAN 743;2990;WUUSTWEZEL;;;N;V;Antwerpen;Voorkempen;;;;;;;;;;;;;;;;;;;;;8;;;;;;;;;8;;;;;;;;;;;;;;;;;;;;;;;;;;;;;;;;;;;;;;;;;;;;;;;;;;;;;;;;;;;
710;SS;2450;ALGEMEEN ZIEKENHUIS KLINA V.Z.W.;DE MICK;PAPESTRAAT 30;2930;BRASSCHAAT;03/217.10.11;;N;V;Antwerpen;Voorkempen;;;;;;;;;;;;;;;;;;;56;40;6;20;;;;;;;;122;;;;;;;;;;;;;;;;;;;;;;;;;;;;;;;;;;;;;;;;;;;;;;;;;;;;;;;X (6 bedden);;;;
712;SP;1320;ALGEMEEN ZIEKENHUIS DIEST;STATIESTRAAT;STATIESTRAAT 65;3290;DIEST;013/35.40.11;www.azdiest.be;N;V;Vlaams-Brabant;Diest - Tienen;Algemeen ziekenhuis;Privaat;;;;63;;84;;27;;;;;;;;;;;;;;;;;;;;174;214;;X;X (1);;;;;;;X;;;;;X;;;;;;;;X;;;;;;;;;X;X;X;X;X;X;;X;X;X;;;;;X;X;;X;;X;;;;;;;
712;SS;1330;ALGEMEEN ZIEKENHUIS DIEST;HASSELTSESTRAAT;HASSELTSESTRAAT 27-29;3290;DIEST;013/35.40.11;;N;V;Vlaams-Brabant;Diest - Tienen;;;;;;;;;15;;;;;;;25;;;;;;;;;;;;;;40;;;;;;;;;;;;;;;;;;;;;;;;;;;;;;;;X;;;;;;;;;;;X;;;;;;;;X;;;;;;;;
713;SP;1610;ALGEMEEN ZIEKENHUIS JAN PALFIJN;;WATERSPORTLAAN 5;9000;GENT;09/224.71.11;www.janpalfijn.be;N;V;Oost-Vlaanderen;Gent - Eeklo;Algemeen ziekenhuis;Openbaar;30;;;124;;106;21;122;;;;;;38;;29;;27;6;;23;;;;;;;526;;;X;X (1);;;;;;;X;;;;;X;;;;;;X;;;X;;;;;;;X;X;X;X;X;X;X;;X;X;X;X;;;;X;X;Exploitatie via alternerende werking met A.Z. St. Lucas Gent;X;X;X;;;;;;;
714;SP;3600;ST. FRANCISKUSZIEKENHUIS;;PASTOOR PAQUAYLAAN 129;3550;HEUSDEN;011/71.50.00;www.sfz.be;N;V;Limburg;Hasselt - Genk;Algemeen ziekenhuis;Privaat;35;8;2;82;;58;15;48;;;;;;20;;;;;;;;;;;;;;268;;De dienst neuro-psychiatrie (A- bedden, A1- plaatsen en A2- bedden) wordt uitgebaat in associatie met het St. Franciscusziekenhuis te Heusden-Zolder;X;X (1);;;;;;;X;;;;;X;;;;;;;;X;;;;;;;;X;X;X;X;X;X;X;;X;X;;X;;;;X;X;;X;X;X;;;;;Associatie met Jessaziekenhuis Hasselt (243);;2016-12-13 00:00:00
715;SP;3650;ST. TRUDO ZIEKENHUIS;;DIESTERSTEENWEG 100;3800;SINT-TRUIDEN;011/69.91.11;www.sint-trudo.be;N;V;Limburg;Sint-Truiden - Tongeren;Algemeen ziekenhuis;Privaat;;;;93;;95;15;72;;;;;;15;;;20;;;;;;;;;;;310;;;X;X (1);;;X;;;;X;;;;;X;;;;;;;;;X;;;;;;;X;X;X;X;X;X;X;;X;X;X;X;;;;X;X;;X;X;X;;;;;;;
716;SP;3670;ALGEMEEN ZIEKENHUIS VESALIUS;ST. JACOBUS;HAZELEREIK 51;3700;TONGEREN;012/39.61.11;www.azvesalius.be;N;V;Limburg;Sint-Truiden - Tongeren;Algemeen ziekenhuis;Openbaar;;;;76;;83;15;77;;;;;;15;;;30;;6;24;;;;;;;;326;;;X;X (1);Associatie met Jessaziekenhuis, Hasselt (243);;;;;;X;;;;;X;;;;;;;;X;;;;;;;;X;X;X;;;X;X;;X;;X;X;;;;X;X;;X;X;X;;;;;;;
716;SS;3680;ALGEMEEN ZIEKENHUIS VESALIUS;ST. MARTINUS;HOSPITAALSTRAAT 15;3740;BILZEN;089/41.01.11;;N;V;Limburg;Sint-Truiden - Tongeren;;;;;;;;;;;;;;;;;;;;;;;;;;;;;;;;;X;;;;;;;;;;;;;;;;;;;;;X;;;;;;;;;;;;;;;;;;;;;;;;;;;X;;;;;;;;
717;SP;3630;ZIEKENHUIS MAAS EN KEMPEN ;MAASEIK;MGR. KONINGSSTRAAT 10;3680;MAASEIK;089/50.92.00;www.zmk.be;N;V;Limburg;Lommel - Maaseik;Algemeen ziekenhuis;Privaat;;;;35;;57;;24;;;;;;;;;;;;;;;;;;;;116;213;;X;;;;;;;;X;;;;;X;;;;;;;;X;;;;;;;;;X;X;X;X;X;X;;X;X;X;;;;;X;X;;X;X;X;;;;;;;2016-12-05 00:00:00
717;SS;3640;ZIEKENHUIS MAAS EN KEMPEN;BREE;RODE KRUISLAAN 40;3960;BREE;089/50.98.00;;N;V;Limburg;Lommel - Maaseik;;;;;;15;;;15;24;;;;;;23;;;20;;;;;;;;;;;97;;Associatie mbt. de gezamelijke exploitatie van 20 bedden S2 (locomotorische aandoeningen) met Mariaziekenhuis Noord-Limburg te Overpelt;;;;;;;;;;;;;;;;;;;;;;;;;;;;;;X;X;X;;;;;;;;X;X;;;X;;;;;X;X;;;;;;;
718;SP;3130;CENTRE HOSPITALIER UNIVERSITAIRE DE CHARLEROI;HOPITAL CIVIL MARIE CURIE;CHAUSSE DE BRUXELLES 140;6042;LODELINSART;071/92.12.11;www.chu-charleroi.be;F;W;Hainaut;Charleroi;Hôpital général à caractère universitaire;Public;30;;;109;135;161;27;24;;;;;;38;15;;;;;;;;;;;;;539;830;;X;X (1);;;X;;;;X;X;;;X;X;;;;;X;;;;X;X;;;;;;X;X;;;;;X;Association avec C.H.U. A. Vésale, Montigny-Le-Tilleul (A/325);X;X;X;X;;;;X;X;;X;X (site Châtelet et site Espace Santé);X;;;;;;;
718;SS;3140;CENTRE HOSPITALIER UNIVERSITAIRE DE CHARLEROI;VINCENT VAN GOGH -MARCHIENNE;RUE DE L'HOPITAL 55;6030;MARCHIENNE-AU-PONT;071/92.14.11;;F;W;Hainaut;Charleroi;;;161;30;;;;;;;;15;5;;;;;;;;;;80;;;;;;;291;;;;;;;;;;;;;;;;;;;;;;;;;;;;;;;;;;;;;;;;;;;;;;;;;;;;;;;;;;;
719;SP;3615;MARIAZIEKENHUIS NOORD-LIMBURG;;MAESENSVELD 1;3900;OVERPELT;011/82.60.00;www.mznl.be;N;V;Limburg;Lommel - Maaseik;Algemeen ziekenhuis;Privaat;45;8;;100;;90;15;48;;;;;;21;;;;;6;;;;;;;;;333;;;X;X (1);Associatie met Jessaziekenhuis Hasselt (243);;;;;;X;;;;;X;;;;;;;;;X;;X;;;;;X;X;X;X;X;X;X;;X;X;X;X;;;;X;X;;X;X;X;;;;;;;
722;SP;2500;FOYER ST. JOSEPH;;RUE DE LA CLINIQUE 24;4850;MORESNET;087/78.90.00;;F;W;Liège;Verviers;Hôpital spécialisé;Public;;;;;;;;;;;;;;;;;;;6;;;;;;;;;6;;;;;;;;;;;;;;;;;;;;;;;;;;;;;;;;;;;;;;;;;;;;;;;;;;;;;;;;;;;
723;SP;1470;CENTRE HOSPITALIER INTERREGIONAL EDITH CAVELL (SARE);CLINIQUE STE. ANNE - ST. REMI;BD. J. GRAINDOR 66;1070;BRUXELLES--7;02/434.31.11;www.chirec.be;B;B;Brussel-Bruxelles;Bruxelles - Brussel;Algemeen ziekenhuis - Hôpital général;Privaat - Privé;52;12;;30;70;30;15;48;;;;;;26;;;44;;;;;;;;;;;327;614;;X;X (1);;;;;;;X;;;;;X;;;;;;;;X;;;X;;;;;X;X;;;;;X;;X;X;X;X;;;;X;;;X;X;X;;X;;;;;
723;SS;1770;CENTRE HOSPITALIER INTERREGIONAL EDITH CAVELL (SARE);BASILIQUE;RUE PANGAERT 37-47;1083;BRUXELLES--8;02/434.21.11;;B;B;Brussel-Bruxelles;Bruxelles - Brussel;;;;;;;;;;;;;;;;;;;;;;;;;;;;;;0;;;;;;;;;;;X;;;;;;;;;;;;;X;;;;;;;;;;;;;;;;;;;;;;;;;;;X;X;;X;;;;;
723;SS;1760;CENTRE HOSPITALIER INTERREGIONAL EDITH CAVELL (SARE);BRAINE - L'ALLEUD;RUE WAYEZ 35;1420;BRAINE-L'ALLEUD;02/434.91.11;;F;W;Brabant Wallon;Brabant Wallon;;;;;;60;106;30;15;24;;;;;;30;;;22;;;;;;;;;;;287;;;X;X (1);;;;;;;X;;;;;X;;;;;;X;;X;;;X;;;;;X;;;;;;;;X;;X;X;;;;X;X;;;X;;;;;;;;
724;SP;1910;CENTRE HOSPITALIER EPICURA;ATH;RUE MARIA THOMEE 1;7800;ATH;068/26.21.11;www.epicura.be;F;W;Hainaut;Ath - Soignies;Hôpital général à caractère universitaire;Privé;;;;36;33;84;18;24;;;;;;20;;;;;;;;;;;;;;215;236;;X;X (1);;;;;;;X;;;;;X;;;;;;;;;X;;;;;;;X;X;;;;;X;;X;X;X;X;;;;X;X;;X;X;;;;;;;;
724;SS;3070;CENTRE HOSPITALIER EPICURA;BELOEIL;RUE D'ATH 19;7970;BELOEIL;069/68.27.11;;F;W;Hainaut;Ath - Soignies;;;;;;;;;;;;;;;;;;;;21;;;;;;;;;;21;;;;;;;;;;;;;;;;;;;;;;;;;;;;;;;;;;;;;;;;;;;;;;;;;;;X;;;;;;;;
900;SP;3890;PSYCHIATRISCH CENTRUM DR. GUISLAIN;DR. GUISLAIN;FRANCISCO FERRERLAAN 88 A;9000;GENT;09/216.33.11;www.guislain.be;N;V;Oost-Vlaanderen;Gent - Eeklo;Psychiatrisch ziekenhuis;Privaat;30;11;;;;;;;;;;;;;;;;;;;27;56;27;1;;;20;172;311;"Van de 56 T- bedden zijn er 10 T- bedden uit exploitatie genomen in functie van het project 107 ""Gent-Eeklo""";;;;;;;;;;;;;;;;;;;;;;;;;;;;;;;;;;;;X;;;;;;;;;;;;;;;;;;;;;
900;SS;2230;PSYCHIATRISCH CENTRUM DR. GUISLAIN;SINT-ALFONS;ST.-JULIAANSTRAAT 1;9000;GENT;09/243.55.55;;N;V;Oost-Vlaanderen;Gent - Eeklo;;;40;4;5;;;;;;;;;;;;;;;;;;;61;9;;;;;119;;"Van de 61 T- bedden zijn er 10 T- bedden uit exploïtatie genomen in functie van het project 107 ""Gent-Eeklo""";;;;;;;;;;;;;;;;;;;;;;;;;;;;;;;;;;;;;;;;;;;;;;;;;;;;;;;;;
900;SS;3891;PSYCHIATRISCH CENTRUM DR. GUISLAIN;DE DEYNE;EBERGISTE DE DEYNESTRAAT 2;9000;GENT;09/385.77.62;;N;V;Oost-Vlaanderen;Gent - Eeklo;;;;;;;;;;;;15;3;2;;;;;;;;;;;;;;;;20;;;;;;;;;;;;;;;;;;;;;;;;;;;;;;;;;;;;;;;;;;;;;;;;;;;;;;;;;;;
901;SP;2190;KLINIEK ST. JOZEF;;BOTERSTRAAT 6;8740;PITTEM;051/46.70.41;www.sintjozefpittem.be;N;V;West-Vlaanderen;Roeselare;Psychiatrisch ziekenhuis;Privaat;90;5;5;;;;;;;20;1;6;;;;;;;;;;60;5;5;;;;197;;"Van de 5 A2- bedden, 60 T- bedden en 5 T2- bedden zijn er 4 A2- bedden, 15 T- bedden en 5 T2- bedden uit exploitatie genomen in functie van het project 107 ""PRIT Samenwerkingsverband GGZ Midden West-Vlaanderen""";;;;;;;;;;;;;;;;;;;;;;;;;;;;;;;;;;;;X;;;;;;;;;;;;;;;;;;;;;
902;SP;2560;PSYCHIATRISCH CENTRUM ST.-AMEDEUS;;DEURNESTRAAT 252;2640;MORTSEL;03/440.68.50;www.amedeus.be;N;V;Antwerpen;Antwerpen;Psychiatrisch ziekenhuis;Privaat;90;10;5;;;;;;;;;;;;;;;;;;21;157;27;10;;;32;352;;"Van de 157 T- bedden zijn er 20 T- bedden uit exploitatie genomen in functie van het project 107 ""SarA - Netwerk GGZ Antwerpen"".";;;;;;;;;;;;;;;;;;;;;;;;;;;;;;;;;;;;X;;;;;;;;;;;;;;;;;;;;;
904;SP;3990;CENTRE PSYCHIATRIQUE ST.-BERNARD;;RUE JULES EMPAIN 43;7170;MANAGE;064/54.14.09;www.cp-st-bernard.be;F;W;Hainaut;La Louvière;Hôpital psychiatrique;Privé;90;5;1;;;;;;;;;;;;;;;;;;21;163;10;1;;;;291;;;;;;;;;;;;;;;;;;;;;;;;;;;;;;;;;;;;;;X;;;;;;;;;;;;;;;;;;;;;
905;SP;4020;HOPITAL PSYCHIATRIQUE ST.-CHARLES;;RUE DU CHAUCHOIR 45;7620;WEZ-VELVAIN;069/89.12.80;www.acis-group.org;F;W;Hainaut;Tournai - Mouscron;Hôpital psychiatrique;Privé;34;;;;;;;;;;;;;;;;;;;;;10;;;;;;44;;;;;;;;;;;;;;;;;;;;;;;;;;;;;;;;;;;;;;X;;;;;;;;;;;;;;;;;;;;;
908;SP;4060;"CENTRE HOSPITALIER SPECIALISE  "" L'ACCUEIL""";;RUE DU DOYARD 15;4990;LIERNEUX;080/29.21.11;www.isosl.be;F;W;Liège;Verviers;Hôpital psychiatrique;Public;120;24;;;;;;;;;;;;;;;;;;;30;104;6;6;18;120;;428;;;;;;;;;;;;;;;;;;;;;;;;;;;;;;;;;;;;;;;;;;;;;;;;;;;;;;;;;;;2016-12-16 00:00:00
909;SP;4090;OPENBAAR PSYCHIATRISCH ZORGCENTRUM REKEM;;DAALBROEKSTRAAT 106;3621;REKEM;089/84.70.00;www.opzcrekem.be;N;V;Limburg;Hasselt - Genk;Psychiatrisch ziekenhuis;Openbaar;60;13;1;;;;;;;;;;;;;;;;;;;109;25;;;;80;288;;"Van de 109 T- bedden zijn er 30 T- bedden uit exploitatie genomen in functie van het project 107 ""Noolim""";;;;;;;;;;;;;;;;;;;;;;;;;;;;;;;;;;;;X;;;;;;;;;;;;;;;;;;;;;
911;SP;3950;P.C. ST.-FRANCISCUS - DE PELGRIM;ST. FRANCISCUS;PENITENTENLAAN  7;9620;ZOTTEGEM;09/364.46.46;www.pzsfz.be;N;V;Oost-Vlaanderen;Oudenaarde;Psychiatrisch ziekenhuis;Privaat;;;;;;;;;;;;;;;;;;;;;;;43;;;;;43;223;;;;;;;;;;;;;;;;;;;;;;;;;;;;;;;;;;;;;X;;;;;;;;;;;;;;;;;;;;;
911;SS;3951;P.C. ST.-FRANCISCUS - DE PELGRIM;;PENITENTENLAAN  22;9620;ZOTTEGEM;09/364.46.46;;N;V;Oost-Vlaanderen;Oudenaarde;;;30;;;;;;;;;;;;;;;;;;;;25;60;;5;;;;120;;;;;;;;;;;;;;;;;;;;;;;;;;;;;;;;;;;;;;;;;;;;;;;;;;;;;;;;;;;
911;SS;4180;P.C. ST. FRANCISCUS - DE PELGRIM;DE PELGRIM;SPIEGEL 15;9860;OOSTERZELE;09/362.69.11;;N;V;Oost-Vlaanderen;Gent - Eeklo;;;60;;;;;;;;;;;;;;;;;;;;;;;;;;;60;;;;;;;;;;;;;;;;;;;;;;;;;;;;;;;;;;;;;;;;;;;;;;;;;;;;;;;;;;;
912;SP;4170;CENTRE NEUROLOGIQUE WILLIAM LENNOX;;ALLEE DE CLERLANDE 6;1340;OTTIGNIES;010/43.02.11;www.cnwl.be;F;W;Brabant Wallon;Brabant Wallon;Hôpital psychiatrique;Privé;91;;;;;;;;;50;18;;;;;;;;;;;;;;;;;159;;;;;;;;;;;;;;;;;;;;;;;;;;;;;;;;;;;;;;X;;;;;;;;;;;;;;;;;X (6 lits);;;;
915;SP;3740;"""LA PETITE MAISON"" A.C.I.S.";;RUE DES ACACIAS 10;1450;CHASTRE;010/65.39.50;;F;W;Brabant Wallon;Brabant Wallon;Hôpital psychiatrique;Privé;;;;;;;;;;60;;;;;;;;;;;;;;;;;;60;;;;;;;;;;;;;;;;;;;;;;;;;;;;;;;;;;;;;;;;;;;;;;;;;;;;;;;;;;;
916;SP;3750;"""LE BIVOUAC""";;SQUARE DES HEROS 5;1180;BRUXELLES;02/373.95.90;;B;B;Brussel-Bruxelles;Bruxelles - Brussel;Psychiatrisch ziekenhuis - Hôpital psychiatrique;Privaat - Privé;;;;;;;;;;;;;;;;;;;;;;;20;;;;;20;;;;;;;;;;;;;;;;;;;;;;;;;;;;;;;;;;;;;;;;;;;;;;;;;;;;;;;;;;;
918;SP;3930;PSYCHIATRISCH CENTRUM ST.HIERONYMUS;;DALSTRAAT 84;9100;SINT-NIKLAAS;03/776.00.41;www.hieronymus.be;N;V;Oost-Vlaanderen;Sint-Niklaas;Psychiatrisch ziekenhuis;Privaat;30;25;5;;;;;;;;;;;;;;;;;;;100;25;5;;;30;220;;;;;;;;;;;;;;;;;;;;;;;;;;;;;;;;;;;;;;X;;;;;;;;;;;;;;;;;;;;;
922;SP;3970;CLINIQUE NEUROPSYCHIATRIQUE BONSECOURS;;AVENUE DE LA BASILIQUE 16-18;7603;BONSECOURS;069/77.20.04;www.cliniquedebonsecours.be;F;W;Hainaut;Tournai - Mouscron;Hôpital psychiatrique;Privé;71;;;;;;;;;;;;;;;;;;;;;;;;;;;71;;;;;;;;;;;;;;;;;;;;;;;;;;;;;;;;;;;;;;X;;;;;;;;;;;;;;;;;;;;;
923;SP;2590;ASSOCIATION LE DOMAINE;;RUE JEAN LANNEAU 39;1420;BRAINE-L'ALLEUD;02/384.25.93;www.ulb.ac.be/assoc/chorus/domaine;F;W;Brabant Wallon;Brabant Wallon;Hôpital psychiatrique;Public;30;;;;;;;;;15;;;;;;;;;;;;98;;;;;;143;;;;;;;;;;;;;;;;;;;;;;;;;;;;;;;;;;;;;;;;;;;;;;;;;;;;;;;;;;;
925;SP;4040;C.H.S. CLINIQUE NOTRE DAME DES ANGES ;CENTRE NEUROPSYCHIATRIQUE;RUE E. VANDERVELDE 67;4000;GLAIN;04/224.72.11;www.cnda.be;F;W;Liège;Liège;Hôpital psychiatrique;Privé;77;30;2;;;;;;;;;;;;;;;;;;;105;;;;;;214;;;;;;;;;;;;;;;;;;;;;;;;;;;;;;;;;;;;;;;;;;;;;;;;;;;;;;;;;;;
926;SP;2640;CLINIQUE SANS SOUCI;;AVENUE DE L'EXPOSITION 218;1090;BRUXELLES--9;02/478.04.33;www.sans-souci.be;B;B;Brussel-Bruxelles;Bruxelles - Brussel;Psychiatrisch ziekenhuis - Hôpital psychiatrique;Privaat - Privé;45;;;;;;;;;;;;;;;;;;;;;80;10;10;;;;145;;;;;;;;;;;;;;;;;;;;;;;;;;;;;;;;;;;;;;;;;;;;;;;;;;;;;;;;;;;
927;SP;3770;PARHELIE ASBL;;AVENUE JACQUES PASTUR 45;1180;BRUXELLES-18;02/373.82.10;;F;B;Brussel-Bruxelles;Bruxelles - Brussel;Psychiatrisch ziekenhuis - Hôpital psychiatrique;Privaat - Privé;;;;;;;;;;10;24;;;;;;;;;;;;;;;;;34;;;;;;;;;;;;;;;;;;;;;;;;;;;;;;;;;;;;;;;;;;;;;;;;;;;;;;;;;;;
930;SP;3920;PSYCHIATRISCH ZIEKENHUIS SINT-CAMILLUS;;BEUKENLAAN 20;9051;SINT-DENIJS-WESTREM;09/222.58.94;www.sint-camillus.be;N;V;Oost-Vlaanderen;Gent - Eeklo;Psychiatrisch ziekenhuis;Privaat;116;6;;;;;;;;;;;;;;;;;;;;42;16;2;;;;182;;"Van de 6 A1- plaatsen, 42 T- bedden en 16 T1- plaatsen zijn er 2 A1- plaatsen, 13 T- bedden en 5 T1- plaatsen uit exploitatie genomen in functie van het project 107 ""Gent-Eeklo""";;;;;;;;;;;;;;;;;;;;;;;;;;;;;;;;;;;;X;;;;;;;;;;;;;;;;;;;;;
934;SP;3780;PSYCHO-SOCIAAL CENTRUM;MECHELSESTRAAT ;MECHELSESTRAAT 84;3000;LEUVEN;016/23.89.60;www.psc-leuven.be;N;V;Vlaams-Brabant;Leuven;Psychiatrisch ziekenhuis;Privaat;;30;22;;;;;;;;;;;;;;;;;;;;;;;;;52;110;;;;;;;;;;;;;;;;;;;;;;;;;;;;;;;;;;;;;X (geneesmiddelendepot);;;;;;;;;;;;;;;;;;;;;
934;SS;4160;PSYCHO-SOCIAAL CENTRUM;OUDE BAAN;OUDE BAAN 293;3000;LEUVEN;016/23.89.60;;N;V;Vlaams-Brabant;Leuven;Psychiatrisch ziekenhuis;Privaat;;;8;;;;;;;;;;;;;;;;;;;;20;30;;;;58;;"Van de 20 T1- plaatsen en 30 T2- bedden zijn er 17 T1- plaatsen en 3 T2- bedden uit exploitatie genomen in functie van het project 107 ""Leuven & Tervuren""";;;;;;;;;;;;;;;;;;;;;;;;;;;;;;;;;;;;;;;;;;;;;;;;;;;;;;;;;
935;SP;2130;EPSYLON Asbl;LA RAMEE;AVENUE DE BOETENDAEL 34;1180;BRUXELLES-18;02/344.18.94;www.epsylon.be;B;B;Brussel-Bruxelles;Bruxelles - Brussel;Psychiatrisch ziekenhuis - Hôpital psychiatrique;Privaat - Privé;85;;;;;;;;;15;;;;;;;;;;;;;;;;;;100;;;;;;;;;;;;;;;;;;;;;;;;;;;;;;;;;;;;;;X;"Association ""Epsypharma"" Fond'Roy - La Ramée - Area+";;;;;;;;;;;;;;;;;;;;
936;SP;2510;PSYCHIATRISCH CENTRUM BROEDERS ALEXIANEN;;PROVINCIESTEENWEG 408;2530;BOECHOUT;03/455.75.31;www.alexianenboechout.be;N;V;Antwerpen;Lier;Psychiatrisch ziekenhuis;Privaat;63;20;5;;;;;;;;;;;;;;;;;;;124;22;5;;;;239;;Van de 124 T- & 5 T2- bedden zijn er 6 T- & 2 T2- bedden uit exploitatie genomen in functie van het project 107;;;;;;;;;;;;;;;;;;;;;;;;;;;;;;;;;;;;X;;;;;;;;;;;;;;;;;;;;;
937;SP;2570;PSYCHIATRISCH CENTRUM BETHANIE;ZOERSEL;ANDREAS VESALIUSLAAN 39;2980;ZOERSEL;03/380.30.11;www.pzbethanienhuis.be;N;V;Antwerpen;Voorkempen;Psychiatrisch ziekenhuis;Privaat;166;30;;;;;;;16;;;;;;;;;;;;21;215;60;19;;;50;577;621;;;;;;;;;;;;;;;;;;;;;;;;;;;;;;;;;;;;;;;;;;;;;;;;;;;;;;;;;;
937;SS;2571;PSYCHIATRISCH CENTRUM BETHANIE;ELIM;JAGERSDREEF 100;2950;KAPELLEN;03/317.11.00;www.elim.be;N;V;Antwerpen;Antwerpen;;;44;;;;;;;;;;;;;;;;;;;;;;;;;;;44;;;;;;;;;;;;;;;;;;;;;;;;;;;;;;;;;;;;;;;;;;;;;;;;;;;;;;;;;;;
938;SP;3790;"CPI ""LES GOELANDS""";;RUE HAUTE 46;5190;SPY;071/78.79.04;;F;W;Namur;Namur - Dinant;Hôpital psychiatrique;Privé;;;;;;;;;;25;;;;;;;;;;;;;;;;;;25;;;;;;;;;;;;;;;;;;;;;;;;;;;;;;;;;;;;;;;;;;;;;;;;;;;;;;;;;;;
939;SP;2540;OPENBAAR PSYCHIATRISCH ZORGCENTRUM GEEL;;DR. SANODREEF 4;2440;GEEL;014/57.91.11;www.opzgeel.be;N;V;Antwerpen;Geel;Psychiatrisch ziekenhuis;Openbaar;88;30;;;;;;;;16;4;;;;;;;;;;21;117;10;;81;350;30;747;;Van de 81 Tf- bedden en 350 Tf- plaatsen worden er 15 Tf- bedden en 100 Tf- plaatsen uit exploitatie genomen in functie van het project 107;;;;;;;;;;;;;;;;;;;;;;;;;;;;;;;;;;;;X;;;;;;;;;;;;;;;;;;;;;2016-12-07 00:00:00
941;SP;4010;GRAND HOPITAL DE CHARLEROI;CPJ CHARLES-ALBERT FRERES;RUE DE NALINNES 650;6001;MARCINELLE;071/43.16.89;www.ghdc.be;F;W;Hainaut;Charleroi;Hôpital psychiatrique;Privé;;;;;;;;;;;36;;;;;;;;;;;;;;;;;36;;Groupement avec Grand Hôpital de Charleroi (N° d'agrément 010);;;;;;;;;;;;;;;;;;;;;;;;;;;;;;;;;;;;;;;;;;;;;;;;;;;;;;;;;
942;SP;2600;PSYCHIATRISCH  ZIEKENHUIS ST. ANNENDAEL;;VESTENSTRAAT 1;3290;DIEST;013/38.05.11;www.sad.be;N;V;Vlaams-Brabant;Diest - Tienen;Psychiatrisch ziekenhuis;Privaat;40;5;;;;;;;;;;;;;;;;;;;;40;43;20;;;30;178;;;;;;;;;;;;;;;;;;;;;;;;;;;;;;;;;;;;;;X;;;;;;;;;;;;;;;;;;;;;
943;SP;2610;UPC KU LEUVEN;KORTENBERG;LEUVENSESTEENWEG 517;3070;KORTENBERG;02/758.05.11;www.upckuleuven.be;N;V;Vlaams-Brabant;Leuven;Psychiatrisch ziekenhuis;Privaat;163;15;10;;;;;;;20;;10;;;;;;;;;52;151;33;27;;;;481;596;"Van de 151 T- bedden zijn er 50 T- bedden uit exploitatie genomen in functie van het project 107 ""Transmurale Zorg Leuven en tervuren""";;;;;;;;;;;;;;;;;;;;;;;;;;;;;;;;;;;;X;;;;;;;;;;;;;;;;;;;;;
943;SS;4230;UPC KU LEUVEN;GASTHUISBERG;HERESTRAAT 49;3000;LEUVEN;016/33.22.11;;N;V;Vlaams-Brabant;Leuven;;Privaat;90;25;;;;;;;;;;;;;;;;;;;;;;;;;;115;;;;;;;;;;;;;;;;;;;;;;;;;;;;;;;;;;;;;;;;;;;;;;;;;;;;;;;;;;;
944;SP;2620;PSYCHIATRISCHE ZIEKENHUIS ST.-ALEXIUS;;GRIMBERGSESTEENWEG 40;1850;GRIMBERGEN;02/270.93.30;www.alexiusgrimbergen.be;N;V;Vlaams-Brabant;Vilvoorde - Dilbeek;Psychiatrisch ziekenhuis;Privaat;42;1;1;;;;;;;;;;;;;;;;;;20;76;24;5;;;;169;;"Van de 76 T- bedden en 5 T2- bedden zijn er 14 T- bedden en 3 T2- bedden uit exploitatie genomen in functie van het project 107 ""Netwerk GZZ Halle - Vilvoorde-Brussel""";;;;;;;;;;;;;;;;;;;;;;;;;;;;;;;;;;;;X;;;;;;;;;;;;;;;;;;;;;
946;SP;2670;CENTRE HOPITALIER JEAN TITECA;;RUE DE LA LUZERNE 11;1030;BRUXELLES--3;02/735.01.60;www.chjt.be;B;B;Brussel-Bruxelles;Bruxelles - Brussel;Psychiatrisch ziekenhuis - Hôpital psychiatrique;Privaat - Privé;65;;;;;;;;16;8;3;1;;;;;;;;;;162;;;;;;255;;;;;;;;;;;;;;;;;;;;;;;;;;;;;;;;;;;;;;;;;;;;;;;;;;;;;;;;;;;
947;SP;2680;PSYCHIATRISCHE KLINIEK  BROEDERS ALEXIANEN;;LIEFDESTRAAT 10;3300;TIENEN;016/80.75.11;;N;V;Vlaams-Brabant;Diest - Tienen;Psychiatrisch ziekenhuis;Privaat;90;;;;;;;;;15;3;2;;;;;;;;;20;73;35;2;;;;240;;"Van de 73 T- bedden zijn er 10 T- bedden uit exploitatie genomen in functie van het project 107 ""Leuven & Tervuren""";;;;;;;;;;;;;;;;;;;;;;;;;;;;;;;;;;;;X;;;;;;;;;;;;;;;;;;;;;
948;SP;2120;EPSYLON Asbl;FOND'ROY;AVENUE J. PASTUR 43;1180;BRUXELLES-18;02/375.44.93;www.epsylon.be;B;B;Brussel-Bruxelles;Bruxelles - Brussel;Psychiatrisch ziekenhuis - Hôpital psychiatrique;Privaat - Privé;102;38;;;;;;;;;;;;;;;;;;;;32;;;;;;172;;;;;;;;;;;;;;;;;;;;;;;;;;;;;;;;;;;;;;X;"Association ""Epsypharma"" Fond'Roy - La Ramée - Area+";;;;;;;;;;;;;;;;;;;;
949;SP;3840;"""FEUX FOLLETS""";;PLACE QUINET 27;6220;WANGENIES;071/82.32.70;;F;W;Hainaut;Charleroi;Hôpital psychiatrique;Privé;;;;;;;;;;;;20;;;;;;;;;;;;;;;;20;;;;;;;;;;;;;;;;;;;;;;;;;;;;;;;;;;;;;;;;;;;;;;;;;;;;;;;;;;;
950;SP;3980;HOPITAL PSYCHIATRIQUE ST.-JEAN DE DIEU;;AVENUE DE LOUDUN 126;7900;LEUZE (HT);069/67.20.20;www.acis-group.org;F;W;Hainaut;Tournai - Mouscron;Hôpital psychiatrique;Privé;123;10;;;;;;;;;;;;;;;;;;;;30;;;;;;163;;30 lits T projet 107;;;;;;;;;;;;;;;;;;;;;;;;;;;;;;;;;;;;X;;;;;;;;;;;;;;;;;;;;;
951;SP;4030;C.H. PSYCHIATRIQUE DU CHENE AUX HAIES;;CHEMIN DU CHENE AU HAIES 24;7000;MONS;065/41.80.00;www.chpchene.be;F;W;Hainaut;Mons;Hôpital psychiatrique;Public;170;39;1;;;;;;;;9;;;;;;;;;;;187;27;3;;;;436;;;;;;;;;;;;;;;;;;;;;;;;;;;;;;;;;;;;;;;;;;;;;;;;;;;;;;;;;;;
952;SP;4080;MEDISCH CENTRUM ST.-JOZEF;;ABDIJSTRAAT 2;3740;MUNSTERBILZEN;089/50.91.11;www.mc-st-jozef.be;N;V;Limburg;Sint-Truiden - Tongeren;Psychiatrisch ziekenhuis;Privaat;108;25;15;;;;;;;25;5;5;;;;;;;;;40;85;15;7;;;;330;;Van de 85 T- bedden zijn er 30 bedden uit exploitatie genomen in functie van het project 107;;;;;;;;;;;;;;;;;;;;;;;;;;;;;;;;;;;;X;;;;;;;;;;;;;;;;;;;;;2016-12-05 00:00:00
954;SP;4050;CLINIQUE PSYCHIATRIQUE FRERES ALEXIENS;;RUE DU CHÂTEAU DE RUYFF 68;4841;HENRI-CHAPELLE;087/59.32.11;;F;W;Liège;Verviers;Hôpital psychiatrique;Privé;110;15;;;;;;;;;;;;;;;;;;;30;93;10;;;;;258;;;;;;;;;;;;;;;;;;;;;;;;;;;;;;;;;;;;;;;;;;;;;;;;;;;;;;;;;;;
955;SP;4140;HOPITAL PSYCHIATRIQUE DU BEAU VALLON;;RUE DE BRICGNIOT 205;5002;SAINT-SERVAIS;081/72.11.11;www.beauvallon.be;F;W;Namur;Namur - Dinant;Hôpital psychiatrique;Privé;120;10;;;;;;;;;20;;;;;;;;;;30;203;15;5;;;;403;;;;;;;;;;;;;;;;;;;;;;;;;;;;;;;;;;;;;;X;;;;;;;;;;;;;;;;;;;;;
956;SP;2210;PSYCHIATRISCH CENTRUM ST.-JAN;;OOSTVELDSTRAAT 1;9900;EEKLO;09/376.97.11;www.psyeeklo.be;N;V;Oost-Vlaanderen;Gent - Eeklo;Psychiatrisch ziekenhuis;Privaat;33;11;;;;;;;;;;;;;;;;;;;24;95;35;3;;;;201;;;;;;;;;;;;;;;;;;;;;;;;;;;;;;;;;;;;;;X;;;;;;;;;;;;;;;;;;;;;
959;SP;3910;"PSYCHIATRISCH CENTRUM ""CARITAS""";;CARITASSTRAAT 76;9090;MELLE;09/252.16.45;www.pccaritas.be;N;V;Oost-Vlaanderen;Gent - Eeklo;Psychiatrisch ziekenhuis;Privaat;80;20;;;;;;;;;;;;;;;;;;;20;95;40;3;;;6;264;296;"Van de 95 T- bedden en 40 T1- plaatsen zijn er 25 T- bedden en 5 T1- plaatsen uit exploitatie genomen in functie van het project 107 ""Gent-Eeklo""";;;;;;;;;;;;;;;;;;;;;;;;;;;;;;;;;;;;X;;;;;;;;;;;;;;;;;;;;;
959;SS;3911;"PSYCHIATRISCH CENTRUM ""CARITAS""";DE KAAP;SALISBURYLAAN 106;9820;MERELBEKE;;;N;V;Oost-Vlaanderen;Gent - Eeklo;;Privaat;;;;;;;;;;24;;8;;;;;;;;;;;;;;;;32;;;;;;;;;;;;;;;;;;;;;;;;;;;;;;;;;;;;;;;;;;;;;;;;;;;;;;;;;;;
960;SP;3940;ALGEMEEN PSYCHIATRISCH ZIEKENHUIS SINT-LUCIA;ST. LUCIA;ANKERSTRAAT 91;9100;SINT-NIKLAAS;03/760.07.00;www.apzst-lucia.be;N;V;Oost-Vlaanderen;Sint-Niklaas;Psychiatrisch ziekenhuis;Privaat;60;20;;;;;;;;;;;;;;;;;;;35;98;40;5;;;;258;288;;;;;;;;;;;;;;;;;;;;;;;;;;;;;;;;;;;;;X;;;;;;;;;;;;;;;;;;;;;
960;SS;1871;ALGEMEEN PSYCHIATRISCH ZIEKENHUIS SINT-LUCIA;DAGKLINIEK;STATIONSSTRAAT 120;9120;BEVEREN;;;;;;;;;;10;;;;;;;;;;;;;;;;;;;;;20;;;;;30;;10 A1- & 20 T1- plaatsen worden uitgebaat in associatie met AZ Nikolaas, St. Niklaas;;;;;;;;;;;;;;;;;;;;;;;;;;;;;;;;;;;;;;;;;;;;;;;;;;;;;;;;;
961;SP;2160;PSYCHIATRISCH ZIEKENHUIS H.-HART;;POPERINGSEWEG 16;8900;IEPER;057/23.91.11;www.hhartieper.be;N;V;West-Vlaanderen;Ieper;Psychiatrisch ziekenhuis;Privaat;90;30;;;;;;;;;;;;;;;;;;;;127;50;10;;;40;347;;"Van de 127 T- bedden en 10 T2- bedden zijn er 20 T- bedden en 8 T2- bedden uit exploitatie genomen in functie van het project 107 ""Netwerk GGZ Regio Ieper - Diksmuide""";;;;;;;;;;;;;;;;;;;;;;;;;;;;;;;;;;;;X;;;;;;;;;;;;;;;;;;;;;
962;SP;2180;PSYCHIATRISCH CENTRUM MENEN;;BRUGGESTRAAT 75;8930;MENEN;056/52.14.51;www.pc-menen.be;N;V;West-Vlaanderen;Kortrijk;Psychiatrisch ziekenhuis;Privaat;30;4;1;;;;;;;;;;;;;;;;;;;90;75;3;;;30;233;;"Van de 90 T- bedden en 75 T1- plaatsen  zijn 10 T- bedden en 30 T1- plaatsen uit exploitatie genomen in functie van het project 107 ""Noolim""";;;;;;;;;;;;;;;;;;;;;;;;;;;;;;;;;;;;X;;;;;;;;;;;;;;;;;;;;;
963;SP;2200;PSYCHIATRISCH ZIEKENHUIS ONZE LIEVE VROUW;;KONING ALBERT I  LAAN 8;8200;BRUGGE;050/30.18.00;www.pzolv.be;N;V;West-Vlaanderen;Brugge;Psychiatrisch ziekenhuis;Privaat;135;24;6;;;;;;;;;;;;;;;;;;20;107;50;10;;;60;412;;Van de 107 T- bedden worden 30 bedden uit exploitatie genomen in functie van het project 107;;;;;;;;;;;;;;;;;;;;;;;;;;;;;;;;;;;;X;Associatie met Psychotherapeutisch Centrum Rustenburg, Brugge (E/987);;;;;;;;;;;;;;;;;;;;
964;SP;4070;"HOPITAL DE JOUR UNIVERSITAIRE ""LA CLE""";;BD DE LA CONSTITUTION 153;4020;LIEGE;04/342.65.96;www.hjulacle.be;F;W;Liège;Liège;Hôpital psychiatrique;Privé;;30;;;;;;;;;;;;;;;;;;;;;;;;;;30;;;;;;;;;;;;;;;;;;;;;;;;;;;;;;;;;;;;;;;;;;;;;;;;;;;;;;;;;;;
970;SP;2530;PSYCHIATRISCH ZIEKENHUIS DUFFEL;;STATIONSTRAAT 22C;2570;DUFFEL;015/30.40.30;www.pz-duffel.be;N;V;Antwerpen;Mechelen;Psychiatrisch ziekenhuis;Privaat;165;15;;;;;;;;;;;;;;;;;;;;330;40;5;;;46;601;;Associatie met het UZA Edegem mbt de gezamelijke exploitatie van 90 A- bedden met korte verblijfsduur gericht op psychose angst en depressie en wachtdienst, deze diensten zijn gevestigd in het PZ St. Norbertus, Duffel. De dienst ambulante consultatie psychiatrie, het universitair forensisch centrum, de crisis- en liaisonpsychiatrie en de psychiatrische wachtdienst zijn gelokaliseerd in het UZA, Wilrijkstraat 10 te 2650 Edegem;;;;;;;;;;;;;;;;;;;;;;;;;;;;;;;;;;;;X;Associatie met A.Z. St. Maarten te Mechelen (E/026);;;;;;;;;;;;;;;;;;;;
972;SP;3810;ISOSL - SANTE MENTALE;PETIT BOURGOGNE;RUE PROFESSEUR MAHAIM 84;4000;LIEGE (SCLESSIN);04/254.77.11;www.isosl.be;F;W;Liège;Liège;Hôpital psychiatrique;Public;114;8;1;;;;;;;;;;;;;;;;;;;139;;;;;;262;440;30 lits T dont gelés pour le project 107;;;;;;;;;;;;;;;;;;;;;;;;;;;;;;;;;;;;;;;;;;;;;;;;;;;;;;;;;2016-12-16 00:00:00
972;SS;3820;ISOSL - SANTE MENTALE;AGORA;MONTAGNE STE.WALBURGE 4A;4000;LIEGE-1;04/224.62.11;;F;W;Liège;Liège;;;96;45;2;;;;;;;;;;;;;;;;;;;35;;;;;;178;;;;;;;;;;;;;;;;;;;;;;;;;;;;;;;;;;;;;;;;;;;;;;;;;;;;;;;;;;;
974;SP;4000;"CRP ""LES MARRONNIERS""";;RUE DESPARS 94;7500;TOURNAI;069/88.02.11;www.marronniers.be;F;W;Hainaut;Tournai - Mouscron;Hôpital psychiatrique;Public;142;30;;;;;;;16;20;3;;;;;;;;;;30;195;;;;;;436;;;;;;;;;;;;;;;;;;;;;;;;;;;;;;;;;;;;;;X;;;;;;;;;;;;;;;;;;;;;
975;SP;2580;UNIVERSITAIR PSYCHIATRISCH CENTRUM ST.-KAMILLUS;;KRIJKELBERG 1;3360;BIERBEEK;016/45.26.11;www.kamillus.be;N;V;Vlaams-Brabant;Leuven;Psychiatrisch ziekenhuis;Privaat;110;15;5;;;;;;;;;;;;;;;;;;24;151;25;5;;;;335;;Van de 151 T- bedden en 25 T1- plaatsen zijn er 10 T- bedden en 5 T1- plaatsen uit exploitatie genomen in functie van het project 107;;;;;;;;;;;;;;;;;;;;;;;;;;;;;;;;;;;;X;;;;;;;;;;;;;;;;;;;;;
978;SP;3960;PSYCHIATRISCH CENTRUM ST.-JAN BAPTIST;ST. JAN BAPTIST;SUIKERKAAI 81;9060;ZELZATE;09/342.28.28;www.pcsintjanbaptist.be;N;V;Oost-Vlaanderen;Gent - Eeklo;Psychiatrisch ziekenhuis;Privaat;50;5;5;;;;;;;;;;;;;;;;;;30;102;14;1;;;;207;219;;;;;;;;;;;;;;;;;;;;;;;;;;;;;;;;;;;;;X;Associatie met P.C. Zoete Nood Gods te Lede (E/988);;;;;;;;;;;;;;;;;;;;
978;SS;3961;PSYCHIATRISCH CENTRUM ST.-JAN BAPTIST;FORENSISCHE DAGKLINIEK FORD;OOSTKADE 24;9060;ZELZATE;09/342.28.28;;N;V;Oost-Vlaanderen;Gent - Eeklo;;;;;;;;;;;;;;;;;;;;;;;;;12;;;;;12;;;;;;;;;;;;;;;;;;;;;;;;;;;;;;;;;;;;;;;;;;;;;;;;;;;;;;;;;;;
979;SP;2125;EPSYLON Asbl;AREA+;AVENUE JACQUES PASTUR 47;1180;BRUXELLES-18;02/431.77.00;www.epsylon.be;F;B;Brussel-Bruxelles;Bruxelles - Brussel;Psychiatrisch ziekenhuis - Hôpital psychiatrique;Privaat - Privé;;;;;;;;;;12;20;8;;;;;;;;;;;;;;;;40;;;;;;;;;;;;;;;;;;;;;;;;;;;;;;;;;;;;;;X;"Association ""Epsypharma"" Fond'Roy - La Ramée - Area+";;;;;;;;;;;;;;;;;;;;
980;SP;5625;L'EQUIPE;CENTRE ADOS;RUE DE VEEWEYDE 47;1070;BRUXELLES--7;02/526.16.40;www.equipe.be;F;B;Brussel-Bruxelles;Bruxelles - Brussel;Psychiatrisch ziekenhuis - Hôpital psychiatrique;Privaat - Privé;;;;;;;;;;;20;;;;;;;;;;;;;;;;;20;;;;;;;;;;;;;;;;;;;;;;;;;;;;;;;;;;;;;;;;;;;;;;;;;;;;;;;;;;;
982;SP;2140;PSYCHIATRISCH CENTRUM ST.-AMANDUS;;REIGERLOSTRAAT 10;8730;BEERNEM;050/79.95.00;www.amandus.be;N;V;West-Vlaanderen;Brugge;Psychiatrisch ziekenhuis;Privaat;110;20;1;;;;;;16;;;;;;;;;;;;54;233;24;1;;;;459;;Van de 262 T- bedden zijn er 30 bedden uit exploitatie genomen in functie van het project 107;;;;;;;;;;;;;;;;;;;;;;;;;;;;;;;;;;;;X;;;;;;;;;;;;;;;;;;;;;
985;SP;4150;VIVALIA - CENTRE UNIVERSITAIRE PSYCHIATRIQUE;;RUE DES ARDOISIERES 100;6880;BERTRIX;061/22.17.11;www.vivalia.info;F;W;Luxemburg;Luxembourg;Hôpital psychiatrique;Public;99;;;;;;;;;14;6;;;;;;;;;;;48;16;16;;;;199;;;;;;;;;;;;;;;;;;;;;;;;;;;;;;;;;;;;;;;;;;;;;;;;;;;;;;;;;;;
986;SP;4120;CENTRE NEUROPSYCHIATRIQUE SAINT-MARTIN;ST. MARTIN;RUE ST.-HUBERT 84;5100;DAVE;081/30.28.86;www.cp-st-martin.be;F;W;Namur;Namur - Dinant;Hôpital psychiatrique;Privé;90;;1;;;;;;;;;;;;;;;;;;30;140;;1;;;32;294;324;;;;;;;;;;;;;;;;;;;;;;;;;;;;;;;;;;;;;X;;;;;;;;;;;;;;;;;;;;;
986;SS;4121;CENTRE NEUROPSYCHIATRIQUE SAINT-MARTIN;HOPITAL DE JOUR;AVENUE DE LA CITADELLE 42;5100;JAMBES;;;;;;;;;;5;;;;;;;;;;;;;;;;;;;;;25;;;;;30;;;;;;;;;;;;;;;;;;;;;;;;;;;;;;;;;;;;;;;;;;;;;;;;;;;;;;;;;;;
987;SP;2150;"PSYCHO-THERAPEUTISCH CENTRUM ""RUSTENBURG""";;WAGGELWATERSTRAAT 2;8000;BRUGGE;050/31.81.65;www.ptcrustenburg.be;N;V;West-Vlaanderen;Brugge;Psychiatrisch ziekenhuis;Privaat;72;;;;;;;;;;;;;;;;;;;;;;;;;;;72;;;;;;;;;;;;;;;;;;;;;;;;;;;;;;;;;;;;;;X;Associatie met P.Z. Onze Lieve Vrouw, Sint-Michiels-Brugge (E/963);;;;;;;;;;;;;;;;;;;;
988;SP;3900;"PSYCHIATRISCH ZIEKENHUIS ""ZOETE NOOD GODS""";;REYMEERSSTRAAT 13;9340;LEDE;053/80.21.11;www.pclede.be;N;V;Oost-Vlaanderen;Aalst;Psychiatrisch ziekenhuis;Privaat;60;4;1;;;;;;;;;;;;;;;;;;22;69;28;1;;;;185;;;;;;;;;;;;;;;;;;;;;;;;;;;;;;;;;;;;;;X;Associatie met P.C. St. Jan Baptist te Zelzate (E/978);;;;;;;;;;;;;;;;;;;;
989;SP;5080;KINDERPSYCHIATRISCH CENTRUM;;SCHIEPSE BOS 8;3600;GENK;089/32.59.59;www.kpc-genk.be;N;V;Limburg;Hasselt - Genk;Psychiatrisch Ziekenhuis;Privaat;;;;;;;;;;15;11;1;;;;;;;;;;;;;;;;27;;Associatie mbt. de gezamelijke exploitatie van de dienst K, volgende ziekenhuizen maken deel uit van de associatie : Ziekenhuis Oost-Limburg - Genk, Maria Ziekenhuis Noord-Limburg - Overpelt, Psychiatrisch Ziekenhuis Sancta-Maria, St. Truiden en Openbaar Psychiatrisch Zorgcentrum, Rekem ;;;;;;;;;;;;;;;;;;;;;;;;;;;;;;;;;;;;;;;;;;;;;;;;;;;;;;;;;
991;SP;4100;"PSYCHIATRISCH ZIEKENHUIS ""ASSTER""";MELVEREN;MELVERENCENTRUM 111;3800;SINT-TRUIDEN;011/69.06.11;www.asster.be;N;V;Limburg;Sint-Truiden - Tongeren;Psychiatrisch ziekenhuis;Privaat;70;6;9;;;;;;;15;2;3;;;;;;;;;28;65;13;;;;30;241;581;"Van de 65 T- bedden zijn er 30 T- bedden uit exploitatie genomen in functie van het project 107 ""Reling""";;;;;;;;;;;;;;;;;;;;;;;;;;;;;;;;;;;;X;;;;;;;;;;;;;;;;;;;;;
991;SS;4110;"PSYCHIATRISCH ZIEKENHUIS ""ASSTER""";STAD;HALMAALWEG 2;3800;SINT-TRUIDEN;011/78.95.11;;N;V;Limburg;Sint-Truiden - Tongeren;;;137;24;10;;;;;;;;;;;;;;;;;;;124;45;;;;;340;;"Van de 124 T- bedden zijn er 30 T- bedden uit exploitatie genomen in functie van het project 107 ""Reling""";;;;;;;;;;;;;;;;;;;;;;;;;;;;;;;;;;;;;;;;;;;;;;;;;;;;;;;;;
992;SP;2220;PSYCHIATRISCH CENTRUM GENT - SLEIDINGE Vzw;GENT;FRATERSPLEIN 9;9000;GENT;09/225.82.96;www.pcgs.be;N;V;Oost-Vlaanderen;Gent - Eeklo;Psychiatrisch ziekenhuis;Privaat;30;;;;;;;;;;;;;;;;;;;;;65;25;5;;;;125;320;"Van de 65 T- bedden zijn er 5 bedden uit exploitatie genomen in functie van het project 107 ""Gent-Eeklo""";;;;;;;;;;;;;;;;;;;;;;;;;;;;;;;;;;;;X;;;;;;;;;;;;;;;;;;;;;
992;SS;3800;PSYCHIATRISCH CENTRUM GENT - SLEIDINGE Vzw;SLEIDINGE;WESTSTRAAT 135;9940;SLEIDINGE;09/358.04.11;;N;V;Oost-Vlaanderen;Gent - Eeklo;;;90;8;7;;;;;;;;;;;;;;;;;;;45;5;5;;;35;195;;Van de 45 T- & 35 Tg- bedden zijn er 6 T- & 10 Tg- bedden uit exploitatie genomen in functie van het project 107;;;;;;;;;;;;;;;;;;;;;;;;;;;;;;;;;;;;;;;;;;;;;;;;;;;;;;;;;2016-12-24 00:00:00
997;SP;3730;PSYCHO-SOCIAAL CENTRUM SINT-ALEXIUS;;GEWIJDE BOOMSTRAAT 102;1050;BRUSSEL--5;02/512.90.33;www.psc-elsene.be;N;B;Brussel-Bruxelles;Bruxelles - Brussel;Psychiatrisch ziekenhuis - Hôpital psychiatrique;Privaat - Privé;;11;33;;;;;;;;;;;;;;;;;;;;;;;;;44;;;;;;;;;;;;;;;;;;;;;;;;;;;;;;;;;;;;;;X (geneesmiddelendepot);;;;;;;;;;;;;;;;;;;;;
998;SP;1201;ZIEKENHUISNETWERK ANTWERPEN;PZ STUIVENBERG;LANGE BEELDEKENSSTRAAT 267;2060;ANTWERPEN;03/217.71.11;www.zna.be;N;V;Antwerpen;Antwerpen;Psychiatrisch ziekenhuis;Privaat;220;48;;;;;;;;;;;;;;;;;;;;;39;6;;;;313;;"Van de 220 A- bedden zijn er 70bedden uit exploitatie genomen in functie van het project 107 ""SarA - netwerk GGZ Antwerpen""";;;;;;;;;;;;;;;;;;;;;;;;;;;;;;;;;;;;;;;;;;;;;;;;;;;;;;;;;2016-12-19 00:00:00
;;;;;;;;;;;;;;;;7742;1290;170;13147;2663;13613;2647;7752;64;715;332;71;38;3104;380;494;2819;1466;379;734;1507;5285;1175;248;99;470;551;68953;;;;;;;;;;;;;;;;;;;;;;;;;;;;;;;;;;;;;;;;;;;;;;;;;;;;;;;;;;;
Bron : FOD Volksgezondheid, Veiligheid van de Voedselketen en Leefmilieu - DG Organisatie Gezondheidszorgvoorzieningen  - Dienst Datamanagement;;;;;;;;;;;;;;;;;;;;;;;;;;;;;;;;;;;;;;;;;;;;;;;;;;;;;;;;;;;;;;;;;;;;;;;;;;;;;;;;;;;;;;;;;;;;;;;;;;;;;;
Source : SPF Santé publique, Sécurité de la Chaïne alimentaire et Environnement - DG Organisation des Etablissements de Soins - Service Datamanagement;;;;;;;;;;;;;;;;;;;;;;;;;;;;;;;;;;;;;;;;;;;;;;;;;;;;;;;;;;;;;;;;;;;;;;;;;;;;;;;;;;;;;;;;;;;;;;;;;;;;;;
